sample_alias,sample_accession_id,biosample_id,run_accession_id,experiment_accession_id,study_accession_id,sample_attributes
293T_Ctrl,EGAN00001503897,SAMEA103909713,EGAR00001539379,EGAX00001495572,EGAS00001002346,ENA-CHECKLIST=ERC000026
293T_Ctrl,EGAN00001503897,SAMEA103909713,EGAR00001539380,EGAX00001495573,EGAS00001002346,ENA-CHECKLIST=ERC000026
293T_Mut1,EGAN00001503898,SAMEA103909714,EGAR00001539381,EGAX00001495574,EGAS00001002346,ENA-CHECKLIST=ERC000026
293T_Mut1,EGAN00001503898,SAMEA103909714,EGAR00001539382,EGAX00001495575,EGAS00001002346,ENA-CHECKLIST=ERC000026
293T_Mut2,EGAN00001503899,SAMEA103909715,EGAR00001539383,EGAX00001495576,EGAS00001002346,ENA-CHECKLIST=ERC000026
293T_Mut2,EGAN00001503899,SAMEA103909715,EGAR00001539384,EGAX00001495577,EGAS00001002346,ENA-CHECKLIST=ERC000026
293T_Mut3,EGAN00001503900,SAMEA103909716,EGAR00001539385,EGAX00001495578,EGAS00001002346,ENA-CHECKLIST=ERC000026
293T_Mut3,EGAN00001503900,SAMEA103909716,EGAR00001539386,EGAX00001495579,EGAS00001002346,ENA-CHECKLIST=ERC000026
293T_WT1,EGAN00001503901,SAMEA103909717,EGAR00001559980,EGAX00001515848,EGAS00001002346,ENA-CHECKLIST=ERC000026
293T_WT1,EGAN00001503901,SAMEA103909717,EGAR00001559981,EGAX00001515849,EGAS00001002346,ENA-CHECKLIST=ERC000026
293T_WT2,EGAN00001503902,SAMEA103909718,EGAR00001559982,EGAX00001515850,EGAS00001002346,ENA-CHECKLIST=ERC000026
293T_WT2,EGAN00001503902,SAMEA103909718,EGAR00001559983,EGAX00001515851,EGAS00001002346,ENA-CHECKLIST=ERC000026
293T_WT3,EGAN00001503903,SAMEA103909719,EGAR00001559984,EGAX00001515852,EGAS00001002346,ENA-CHECKLIST=ERC000026
293T_WT3,EGAN00001503903,SAMEA103909719,EGAR00001559985,EGAX00001515853,EGAS00001002346,ENA-CHECKLIST=ERC000026
normal1,EGAN00001504157,SAMEA103909973,EGAR00001539946,EGAX00001496139,EGAS00001002346,ENA-CHECKLIST=ERC000026
normal2,EGAN00001504158,SAMEA103909974,EGAR00001539947,EGAX00001496140,EGAS00001002346,ENA-CHECKLIST=ERC000026
normal3,EGAN00001504159,SAMEA103909975,EGAR00001539948,EGAX00001496141,EGAS00001002346,ENA-CHECKLIST=ERC000026
normal4,EGAN00001504160,SAMEA103909976,EGAR00001539949,EGAX00001496142,EGAS00001002346,ENA-CHECKLIST=ERC000026
normal5,EGAN00001504161,SAMEA103909977,EGAR00001539950,EGAX00001496143,EGAS00001002346,ENA-CHECKLIST=ERC000026
normal6,EGAN00001504162,SAMEA103909978,EGAR00001539951,EGAX00001496144,EGAS00001002346,ENA-CHECKLIST=ERC000026
PV10001,EGAN00001503904,SAMEA103909720,EGAR00001539393,EGAX00001495586,EGAS00001002346,ENA-CHECKLIST=ERC000026
PV10001,EGAN00001503904,SAMEA103909720,EGAR00001539394,EGAX00001495587,EGAS00001002346,ENA-CHECKLIST=ERC000026
PV1009,EGAN00001503905,SAMEA103909721,EGAR00001539395,EGAX00001495588,EGAS00001002346,ENA-CHECKLIST=ERC000026
PV1009,EGAN00001503905,SAMEA103909721,EGAR00001539396,EGAX00001495589,EGAS00001002346,ENA-CHECKLIST=ERC000026
PV1009,EGAN00001503905,SAMEA103909721,EGAR00001539397,EGAX00001495590,EGAS00001002346,ENA-CHECKLIST=ERC000026
PV1010,EGAN00001503906,SAMEA103909722,EGAR00001539398,EGAX00001495591,EGAS00001002346,ENA-CHECKLIST=ERC000026
PV1010,EGAN00001503906,SAMEA103909722,EGAR00001539399,EGAX00001495592,EGAS00001002346,ENA-CHECKLIST=ERC000026
PV1015,EGAN00001503907,SAMEA103909723,EGAR00001539400,EGAX00001495593,EGAS00001002346,ENA-CHECKLIST=ERC000026
PV1015,EGAN00001503907,SAMEA103909723,EGAR00001539401,EGAX00001495594,EGAS00001002346,ENA-CHECKLIST=ERC000026
PV1016,EGAN00001503908,SAMEA103909724,EGAR00001539402,EGAX00001495595,EGAS00001002346,ENA-CHECKLIST=ERC000026
PV1016,EGAN00001503908,SAMEA103909724,EGAR00001539403,EGAX00001495596,EGAS00001002346,ENA-CHECKLIST=ERC000026
PV1020,EGAN00001503909,SAMEA103909725,EGAR00001539404,EGAX00001495597,EGAS00001002346,ENA-CHECKLIST=ERC000026
PV1020,EGAN00001503909,SAMEA103909725,EGAR00001539405,EGAX00001495598,EGAS00001002346,ENA-CHECKLIST=ERC000026
PV1022,EGAN00001503910,SAMEA103909726,EGAR00001539406,EGAX00001495599,EGAS00001002346,ENA-CHECKLIST=ERC000026
PV1022,EGAN00001503910,SAMEA103909726,EGAR00001539407,EGAX00001495600,EGAS00001002346,ENA-CHECKLIST=ERC000026
PV1022,EGAN00001503910,SAMEA103909726,EGAR00001539408,EGAX00001495601,EGAS00001002346,ENA-CHECKLIST=ERC000026
PV1035,EGAN00001503911,SAMEA103909727,EGAR00001539409,EGAX00001495602,EGAS00001002346,ENA-CHECKLIST=ERC000026
PV1035,EGAN00001503911,SAMEA103909727,EGAR00001539410,EGAX00001495603,EGAS00001002346,ENA-CHECKLIST=ERC000026
PV1035,EGAN00001503911,SAMEA103909727,EGAR00001539411,EGAX00001495604,EGAS00001002346,ENA-CHECKLIST=ERC000026
PV1038,EGAN00001503912,SAMEA103909728,EGAR00001539412,EGAX00001495605,EGAS00001002346,ENA-CHECKLIST=ERC000026
PV1038,EGAN00001503912,SAMEA103909728,EGAR00001539413,EGAX00001495606,EGAS00001002346,ENA-CHECKLIST=ERC000026
PV1043,EGAN00001503913,SAMEA103909729,EGAR00001539414,EGAX00001495607,EGAS00001002346,ENA-CHECKLIST=ERC000026
PV1043,EGAN00001503913,SAMEA103909729,EGAR00001539415,EGAX00001495608,EGAS00001002346,ENA-CHECKLIST=ERC000026
PV1043,EGAN00001503913,SAMEA103909729,EGAR00001539416,EGAX00001495609,EGAS00001002346,ENA-CHECKLIST=ERC000026
PV1046,EGAN00001503914,SAMEA103909730,EGAR00001539417,EGAX00001495610,EGAS00001002346,ENA-CHECKLIST=ERC000026
PV1046,EGAN00001503914,SAMEA103909730,EGAR00001539418,EGAX00001495611,EGAS00001002346,ENA-CHECKLIST=ERC000026
PV1047,EGAN00001503915,SAMEA103909731,EGAR00001539419,EGAX00001495612,EGAS00001002346,ENA-CHECKLIST=ERC000026
PV1057,EGAN00001503916,SAMEA103909732,EGAR00001539420,EGAX00001495613,EGAS00001002346,ENA-CHECKLIST=ERC000026
PV1057,EGAN00001503916,SAMEA103909732,EGAR00001539421,EGAX00001495614,EGAS00001002346,ENA-CHECKLIST=ERC000026
PV1057,EGAN00001503916,SAMEA103909732,EGAR00001539422,EGAX00001495615,EGAS00001002346,ENA-CHECKLIST=ERC000026
PV1057,EGAN00001503916,SAMEA103909732,EGAR00001539423,EGAX00001495616,EGAS00001002346,ENA-CHECKLIST=ERC000026
PV1058,EGAN00001503917,SAMEA103909733,EGAR00001539424,EGAX00001495617,EGAS00001002346,ENA-CHECKLIST=ERC000026
PV1058,EGAN00001503917,SAMEA103909733,EGAR00001539425,EGAX00001495618,EGAS00001002346,ENA-CHECKLIST=ERC000026
PV1059,EGAN00001503918,SAMEA103909734,EGAR00001539426,EGAX00001495619,EGAS00001002346,ENA-CHECKLIST=ERC000026
PV1059,EGAN00001503918,SAMEA103909734,EGAR00001539427,EGAX00001495620,EGAS00001002346,ENA-CHECKLIST=ERC000026
PV1059,EGAN00001503918,SAMEA103909734,EGAR00001539428,EGAX00001495621,EGAS00001002346,ENA-CHECKLIST=ERC000026
PV1064,EGAN00001503919,SAMEA103909735,EGAR00001539429,EGAX00001495622,EGAS00001002346,ENA-CHECKLIST=ERC000026
PV1064,EGAN00001503919,SAMEA103909735,EGAR00001539430,EGAX00001495623,EGAS00001002346,ENA-CHECKLIST=ERC000026
PV1064,EGAN00001503919,SAMEA103909735,EGAR00001539431,EGAX00001495624,EGAS00001002346,ENA-CHECKLIST=ERC000026
PV1065,EGAN00001503920,SAMEA103909736,EGAR00001539432,EGAX00001495625,EGAS00001002346,ENA-CHECKLIST=ERC000026
PV1065,EGAN00001503920,SAMEA103909736,EGAR00001539433,EGAX00001495626,EGAS00001002346,ENA-CHECKLIST=ERC000026
PV1066,EGAN00001503921,SAMEA103909737,EGAR00001539434,EGAX00001495627,EGAS00001002346,ENA-CHECKLIST=ERC000026
PV1066,EGAN00001503921,SAMEA103909737,EGAR00001539435,EGAX00001495628,EGAS00001002346,ENA-CHECKLIST=ERC000026
PV1066,EGAN00001503921,SAMEA103909737,EGAR00001539436,EGAX00001495629,EGAS00001002346,ENA-CHECKLIST=ERC000026
PV1068,EGAN00001503922,SAMEA103909738,EGAR00001539437,EGAX00001495630,EGAS00001002346,ENA-CHECKLIST=ERC000026
PV1068,EGAN00001503922,SAMEA103909738,EGAR00001539438,EGAX00001495631,EGAS00001002346,ENA-CHECKLIST=ERC000026
PV1068,EGAN00001503922,SAMEA103909738,EGAR00001539439,EGAX00001495632,EGAS00001002346,ENA-CHECKLIST=ERC000026
PV1068,EGAN00001503922,SAMEA103909738,EGAR00001539440,EGAX00001495633,EGAS00001002346,ENA-CHECKLIST=ERC000026
PV1074,EGAN00001503923,SAMEA103909739,EGAR00001539441,EGAX00001495634,EGAS00001002346,ENA-CHECKLIST=ERC000026
PV1074,EGAN00001503923,SAMEA103909739,EGAR00001539442,EGAX00001495635,EGAS00001002346,ENA-CHECKLIST=ERC000026
PV1075,EGAN00001503924,SAMEA103909740,EGAR00001539443,EGAX00001495636,EGAS00001002346,ENA-CHECKLIST=ERC000026
PV1075,EGAN00001503924,SAMEA103909740,EGAR00001539444,EGAX00001495637,EGAS00001002346,ENA-CHECKLIST=ERC000026
PV1078,EGAN00001503925,SAMEA103909741,EGAR00001539445,EGAX00001495638,EGAS00001002346,ENA-CHECKLIST=ERC000026
PV1078,EGAN00001503925,SAMEA103909741,EGAR00001539446,EGAX00001495639,EGAS00001002346,ENA-CHECKLIST=ERC000026
PV1087,EGAN00001503926,SAMEA103909742,EGAR00001539447,EGAX00001495640,EGAS00001002346,ENA-CHECKLIST=ERC000026
PV1087,EGAN00001503926,SAMEA103909742,EGAR00001539448,EGAX00001495641,EGAS00001002346,ENA-CHECKLIST=ERC000026
PV1089,EGAN00001503927,SAMEA103909743,EGAR00001539449,EGAX00001495642,EGAS00001002346,ENA-CHECKLIST=ERC000026
PV1089,EGAN00001503927,SAMEA103909743,EGAR00001539450,EGAX00001495643,EGAS00001002346,ENA-CHECKLIST=ERC000026
PV1092,EGAN00001503928,SAMEA103909744,EGAR00001539451,EGAX00001495644,EGAS00001002346,ENA-CHECKLIST=ERC000026
PV1092,EGAN00001503928,SAMEA103909744,EGAR00001539452,EGAX00001495645,EGAS00001002346,ENA-CHECKLIST=ERC000026
PV1092,EGAN00001503928,SAMEA103909744,EGAR00001539453,EGAX00001495646,EGAS00001002346,ENA-CHECKLIST=ERC000026
PV1098,EGAN00001503929,SAMEA103909745,EGAR00001539455,EGAX00001495648,EGAS00001002346,ENA-CHECKLIST=ERC000026
PV1098,EGAN00001503929,SAMEA103909745,EGAR00001539456,EGAX00001495649,EGAS00001002346,ENA-CHECKLIST=ERC000026
PV1098,EGAN00001503929,SAMEA103909745,EGAR00001567110,EGAX00001522876,EGAS00001002346,ENA-CHECKLIST=ERC000026
PV1101,EGAN00001503930,SAMEA103909746,EGAR00001539457,EGAX00001495650,EGAS00001002346,ENA-CHECKLIST=ERC000026
PV1101,EGAN00001503930,SAMEA103909746,EGAR00001539458,EGAX00001495651,EGAS00001002346,ENA-CHECKLIST=ERC000026
PV1103,EGAN00001503931,SAMEA103909747,EGAR00001539460,EGAX00001495653,EGAS00001002346,ENA-CHECKLIST=ERC000026
PV1103,EGAN00001503931,SAMEA103909747,EGAR00001539461,EGAX00001495654,EGAS00001002346,ENA-CHECKLIST=ERC000026
PV1103,EGAN00001503931,SAMEA103909747,EGAR00001559478,EGAX00001515346,EGAS00001002346,ENA-CHECKLIST=ERC000026
PV1108,EGAN00001503932,SAMEA103909748,EGAR00001539463,EGAX00001495656,EGAS00001002346,ENA-CHECKLIST=ERC000026
PV1108,EGAN00001503932,SAMEA103909748,EGAR00001559481,EGAX00001515349,EGAS00001002346,ENA-CHECKLIST=ERC000026
PV1113,EGAN00001503933,SAMEA103909749,EGAR00001539465,EGAX00001495658,EGAS00001002346,ENA-CHECKLIST=ERC000026
PV1113,EGAN00001503933,SAMEA103909749,EGAR00001567113,EGAX00001522879,EGAS00001002346,ENA-CHECKLIST=ERC000026
PV1114,EGAN00001503934,SAMEA103909750,EGAR00001539467,EGAX00001495660,EGAS00001002346,ENA-CHECKLIST=ERC000026
PV1114,EGAN00001503934,SAMEA103909750,EGAR00001559485,EGAX00001515353,EGAS00001002346,ENA-CHECKLIST=ERC000026
PV1121,EGAN00001503935,SAMEA103909751,EGAR00001539468,EGAX00001495661,EGAS00001002346,ENA-CHECKLIST=ERC000026
PV1121,EGAN00001503935,SAMEA103909751,EGAR00001539469,EGAX00001495662,EGAS00001002346,ENA-CHECKLIST=ERC000026
PV1123,EGAN00001503936,SAMEA103909752,EGAR00001539471,EGAX00001495664,EGAS00001002346,ENA-CHECKLIST=ERC000026
PV1123,EGAN00001503936,SAMEA103909752,EGAR00001559489,EGAX00001515357,EGAS00001002346,ENA-CHECKLIST=ERC000026
PV1127,EGAN00001503937,SAMEA103909753,EGAR00001539472,EGAX00001495665,EGAS00001002346,ENA-CHECKLIST=ERC000026
PV1130,EGAN00001503938,SAMEA103909754,EGAR00001539474,EGAX00001495667,EGAS00001002346,ENA-CHECKLIST=ERC000026
PV1130,EGAN00001503938,SAMEA103909754,EGAR00001539475,EGAX00001495668,EGAS00001002346,ENA-CHECKLIST=ERC000026
PV1130,EGAN00001503938,SAMEA103909754,EGAR00001567116,EGAX00001522882,EGAS00001002346,ENA-CHECKLIST=ERC000026
PV1138,EGAN00001503939,SAMEA103909755,EGAR00001539477,EGAX00001495670,EGAS00001002346,ENA-CHECKLIST=ERC000026
PV1138,EGAN00001503939,SAMEA103909755,EGAR00001567117,EGAX00001522883,EGAS00001002346,ENA-CHECKLIST=ERC000026
PV1142,EGAN00001503940,SAMEA103909756,EGAR00001539479,EGAX00001495672,EGAS00001002346,ENA-CHECKLIST=ERC000026
PV1142,EGAN00001503940,SAMEA103909756,EGAR00001567118,EGAX00001522884,EGAS00001002346,ENA-CHECKLIST=ERC000026
PV1152,EGAN00001503941,SAMEA103909757,EGAR00001539480,EGAX00001495673,EGAS00001002346,ENA-CHECKLIST=ERC000026
PV1152,EGAN00001503941,SAMEA103909757,EGAR00001539481,EGAX00001495674,EGAS00001002346,ENA-CHECKLIST=ERC000026
PV1156,EGAN00001503942,SAMEA103909758,EGAR00001539483,EGAX00001495676,EGAS00001002346,ENA-CHECKLIST=ERC000026
PV1156,EGAN00001503942,SAMEA103909758,EGAR00001567119,EGAX00001522885,EGAS00001002346,ENA-CHECKLIST=ERC000026
PV1157,EGAN00001503943,SAMEA103909759,EGAR00001539485,EGAX00001495678,EGAS00001002346,ENA-CHECKLIST=ERC000026
PV1157,EGAN00001503943,SAMEA103909759,EGAR00001539486,EGAX00001495679,EGAS00001002346,ENA-CHECKLIST=ERC000026
PV1157,EGAN00001503943,SAMEA103909759,EGAR00001567120,EGAX00001522886,EGAS00001002346,ENA-CHECKLIST=ERC000026
PV1158,EGAN00001503944,SAMEA103909760,EGAR00001539487,EGAX00001495680,EGAS00001002346,ENA-CHECKLIST=ERC000026
PV1158,EGAN00001503944,SAMEA103909760,EGAR00001539488,EGAX00001495681,EGAS00001002346,ENA-CHECKLIST=ERC000026
PV1159,EGAN00001503945,SAMEA103909761,EGAR00001539490,EGAX00001495683,EGAS00001002346,ENA-CHECKLIST=ERC000026
PV1159,EGAN00001503945,SAMEA103909761,EGAR00001567121,EGAX00001522887,EGAS00001002346,ENA-CHECKLIST=ERC000026
PV1166,EGAN00001503946,SAMEA103909762,EGAR00001539492,EGAX00001495685,EGAS00001002346,ENA-CHECKLIST=ERC000026
PV1166,EGAN00001503946,SAMEA103909762,EGAR00001539493,EGAX00001495686,EGAS00001002346,ENA-CHECKLIST=ERC000026
PV1166,EGAN00001503946,SAMEA103909762,EGAR00001567122,EGAX00001522888,EGAS00001002346,ENA-CHECKLIST=ERC000026
PV1168,EGAN00001503947,SAMEA103909763,EGAR00001539495,EGAX00001495688,EGAS00001002346,ENA-CHECKLIST=ERC000026
PV1168,EGAN00001503947,SAMEA103909763,EGAR00001567123,EGAX00001522889,EGAS00001002346,ENA-CHECKLIST=ERC000026
PV1169,EGAN00001503948,SAMEA103909764,EGAR00001539497,EGAX00001495690,EGAS00001002346,ENA-CHECKLIST=ERC000026
PV1169,EGAN00001503948,SAMEA103909764,EGAR00001567124,EGAX00001522890,EGAS00001002346,ENA-CHECKLIST=ERC000026
PV1173,EGAN00001503949,SAMEA103909765,EGAR00001539498,EGAX00001495691,EGAS00001002346,ENA-CHECKLIST=ERC000026
PV1173,EGAN00001503949,SAMEA103909765,EGAR00001539499,EGAX00001495692,EGAS00001002346,ENA-CHECKLIST=ERC000026
PV1178,EGAN00001503950,SAMEA103909766,EGAR00001539500,EGAX00001495693,EGAS00001002346,ENA-CHECKLIST=ERC000026
PV1178,EGAN00001503950,SAMEA103909766,EGAR00001539501,EGAX00001495694,EGAS00001002346,ENA-CHECKLIST=ERC000026
PV1179,EGAN00001503951,SAMEA103909767,EGAR00001539502,EGAX00001495695,EGAS00001002346,ENA-CHECKLIST=ERC000026
PV1179,EGAN00001503951,SAMEA103909767,EGAR00001539503,EGAX00001495696,EGAS00001002346,ENA-CHECKLIST=ERC000026
PV118,EGAN00001503952,SAMEA103909768,EGAR00001539512,EGAX00001495705,EGAS00001002346,ENA-CHECKLIST=ERC000026
PV118,EGAN00001503952,SAMEA103909768,EGAR00001539513,EGAX00001495706,EGAS00001002346,ENA-CHECKLIST=ERC000026
PV118,EGAN00001503952,SAMEA103909768,EGAR00001539514,EGAX00001495707,EGAS00001002346,ENA-CHECKLIST=ERC000026
PV118,EGAN00001503952,SAMEA103909768,EGAR00001539515,EGAX00001495708,EGAS00001002346,ENA-CHECKLIST=ERC000026
PV1187,EGAN00001503953,SAMEA103909769,EGAR00001539504,EGAX00001495697,EGAS00001002346,ENA-CHECKLIST=ERC000026
PV1187,EGAN00001503953,SAMEA103909769,EGAR00001539505,EGAX00001495698,EGAS00001002346,ENA-CHECKLIST=ERC000026
PV1188,EGAN00001503954,SAMEA103909770,EGAR00001539506,EGAX00001495699,EGAS00001002346,ENA-CHECKLIST=ERC000026
PV1188,EGAN00001503954,SAMEA103909770,EGAR00001539507,EGAX00001495700,EGAS00001002346,ENA-CHECKLIST=ERC000026
PV1188,EGAN00001503954,SAMEA103909770,EGAR00001539508,EGAX00001495701,EGAS00001002346,ENA-CHECKLIST=ERC000026
PV1189,EGAN00001503955,SAMEA103909771,EGAR00001539509,EGAX00001495702,EGAS00001002346,ENA-CHECKLIST=ERC000026
PV1189,EGAN00001503955,SAMEA103909771,EGAR00001539510,EGAX00001495703,EGAS00001002346,ENA-CHECKLIST=ERC000026
PV1189,EGAN00001503955,SAMEA103909771,EGAR00001539511,EGAX00001495704,EGAS00001002346,ENA-CHECKLIST=ERC000026
PV1191,EGAN00001503956,SAMEA103909772,EGAR00001539516,EGAX00001495709,EGAS00001002346,ENA-CHECKLIST=ERC000026
PV1191,EGAN00001503956,SAMEA103909772,EGAR00001539517,EGAX00001495710,EGAS00001002346,ENA-CHECKLIST=ERC000026
PV1196,EGAN00001503957,SAMEA103909773,EGAR00001539518,EGAX00001495711,EGAS00001002346,ENA-CHECKLIST=ERC000026
PV1196,EGAN00001503957,SAMEA103909773,EGAR00001539519,EGAX00001495712,EGAS00001002346,ENA-CHECKLIST=ERC000026
PV1205,EGAN00001503958,SAMEA103909774,EGAR00001539520,EGAX00001495713,EGAS00001002346,ENA-CHECKLIST=ERC000026
PV1206,EGAN00001503959,SAMEA103909775,EGAR00001539521,EGAX00001495714,EGAS00001002346,ENA-CHECKLIST=ERC000026
PV1206,EGAN00001503959,SAMEA103909775,EGAR00001539522,EGAX00001495715,EGAS00001002346,ENA-CHECKLIST=ERC000026
PV1209,EGAN00001503960,SAMEA103909776,EGAR00001539523,EGAX00001495716,EGAS00001002346,ENA-CHECKLIST=ERC000026
PV121,EGAN00001503961,SAMEA103909777,EGAR00001539530,EGAX00001495723,EGAS00001002346,ENA-CHECKLIST=ERC000026
PV121,EGAN00001503961,SAMEA103909777,EGAR00001539531,EGAX00001495724,EGAS00001002346,ENA-CHECKLIST=ERC000026
PV1215,EGAN00001503962,SAMEA103909778,EGAR00001539524,EGAX00001495717,EGAS00001002346,ENA-CHECKLIST=ERC000026
PV1215,EGAN00001503962,SAMEA103909778,EGAR00001539525,EGAX00001495718,EGAS00001002346,ENA-CHECKLIST=ERC000026
PV1216,EGAN00001503963,SAMEA103909779,EGAR00001539526,EGAX00001495719,EGAS00001002346,ENA-CHECKLIST=ERC000026
PV1216,EGAN00001503963,SAMEA103909779,EGAR00001539527,EGAX00001495720,EGAS00001002346,ENA-CHECKLIST=ERC000026
PV1218,EGAN00001503964,SAMEA103909780,EGAR00001539528,EGAX00001495721,EGAS00001002346,ENA-CHECKLIST=ERC000026
PV1218,EGAN00001503964,SAMEA103909780,EGAR00001539529,EGAX00001495722,EGAS00001002346,ENA-CHECKLIST=ERC000026
PV1222,EGAN00001503965,SAMEA103909781,EGAR00001539532,EGAX00001495725,EGAS00001002346,ENA-CHECKLIST=ERC000026
PV1222,EGAN00001503965,SAMEA103909781,EGAR00001539533,EGAX00001495726,EGAS00001002346,ENA-CHECKLIST=ERC000026
PV1222,EGAN00001503965,SAMEA103909781,EGAR00001539534,EGAX00001495727,EGAS00001002346,ENA-CHECKLIST=ERC000026
PV1236,EGAN00001503966,SAMEA103909782,EGAR00001539535,EGAX00001495728,EGAS00001002346,ENA-CHECKLIST=ERC000026
PV1236,EGAN00001503966,SAMEA103909782,EGAR00001539536,EGAX00001495729,EGAS00001002346,ENA-CHECKLIST=ERC000026
PV1237,EGAN00001503967,SAMEA103909783,EGAR00001539537,EGAX00001495730,EGAS00001002346,ENA-CHECKLIST=ERC000026
PV1237,EGAN00001503967,SAMEA103909783,EGAR00001539538,EGAX00001495731,EGAS00001002346,ENA-CHECKLIST=ERC000026
PV1238,EGAN00001503968,SAMEA103909784,EGAR00001539539,EGAX00001495732,EGAS00001002346,ENA-CHECKLIST=ERC000026
PV1238,EGAN00001503968,SAMEA103909784,EGAR00001539540,EGAX00001495733,EGAS00001002346,ENA-CHECKLIST=ERC000026
PV1238,EGAN00001503968,SAMEA103909784,EGAR00001539541,EGAX00001495734,EGAS00001002346,ENA-CHECKLIST=ERC000026
PV1261,EGAN00001503969,SAMEA103909785,EGAR00001539542,EGAX00001495735,EGAS00001002346,ENA-CHECKLIST=ERC000026
PV1261,EGAN00001503969,SAMEA103909785,EGAR00001539543,EGAX00001495736,EGAS00001002346,ENA-CHECKLIST=ERC000026
PV1263,EGAN00001503970,SAMEA103909786,EGAR00001539544,EGAX00001495737,EGAS00001002346,ENA-CHECKLIST=ERC000026
PV1263,EGAN00001503970,SAMEA103909786,EGAR00001539545,EGAX00001495738,EGAS00001002346,ENA-CHECKLIST=ERC000026
PV1266,EGAN00001503971,SAMEA103909787,EGAR00001539546,EGAX00001495739,EGAS00001002346,ENA-CHECKLIST=ERC000026
PV1266,EGAN00001503971,SAMEA103909787,EGAR00001539547,EGAX00001495740,EGAS00001002346,ENA-CHECKLIST=ERC000026
PV1271,EGAN00001503972,SAMEA103909788,EGAR00001539548,EGAX00001495741,EGAS00001002346,ENA-CHECKLIST=ERC000026
PV1271,EGAN00001503972,SAMEA103909788,EGAR00001539549,EGAX00001495742,EGAS00001002346,ENA-CHECKLIST=ERC000026
PV1272,EGAN00001503973,SAMEA103909789,EGAR00001539550,EGAX00001495743,EGAS00001002346,ENA-CHECKLIST=ERC000026
PV1272,EGAN00001503973,SAMEA103909789,EGAR00001539551,EGAX00001495744,EGAS00001002346,ENA-CHECKLIST=ERC000026
PV1273,EGAN00001503974,SAMEA103909790,EGAR00001539552,EGAX00001495745,EGAS00001002346,ENA-CHECKLIST=ERC000026
PV1273,EGAN00001503974,SAMEA103909790,EGAR00001539553,EGAX00001495746,EGAS00001002346,ENA-CHECKLIST=ERC000026
PV1276,EGAN00001503975,SAMEA103909791,EGAR00001539554,EGAX00001495747,EGAS00001002346,ENA-CHECKLIST=ERC000026
PV1276,EGAN00001503975,SAMEA103909791,EGAR00001539555,EGAX00001495748,EGAS00001002346,ENA-CHECKLIST=ERC000026
PV1276,EGAN00001503975,SAMEA103909791,EGAR00001539556,EGAX00001495749,EGAS00001002346,ENA-CHECKLIST=ERC000026
PV1284,EGAN00001503976,SAMEA103909792,EGAR00001539557,EGAX00001495750,EGAS00001002346,ENA-CHECKLIST=ERC000026
PV1284,EGAN00001503976,SAMEA103909792,EGAR00001539558,EGAX00001495751,EGAS00001002346,ENA-CHECKLIST=ERC000026
PV1284,EGAN00001503976,SAMEA103909792,EGAR00001539559,EGAX00001495752,EGAS00001002346,ENA-CHECKLIST=ERC000026
PV1286,EGAN00001503977,SAMEA103909793,EGAR00001539560,EGAX00001495753,EGAS00001002346,ENA-CHECKLIST=ERC000026
PV1286,EGAN00001503977,SAMEA103909793,EGAR00001539561,EGAX00001495754,EGAS00001002346,ENA-CHECKLIST=ERC000026
PV1295,EGAN00001503978,SAMEA103909794,EGAR00001539562,EGAX00001495755,EGAS00001002346,ENA-CHECKLIST=ERC000026
PV1297,EGAN00001503979,SAMEA103909795,EGAR00001539563,EGAX00001495756,EGAS00001002346,ENA-CHECKLIST=ERC000026
PV1303,EGAN00001503980,SAMEA103909796,EGAR00001539564,EGAX00001495757,EGAS00001002346,ENA-CHECKLIST=ERC000026
PV1303,EGAN00001503980,SAMEA103909796,EGAR00001539565,EGAX00001495758,EGAS00001002346,ENA-CHECKLIST=ERC000026
PV1313,EGAN00001503981,SAMEA103909797,EGAR00001539566,EGAX00001495759,EGAS00001002346,ENA-CHECKLIST=ERC000026
PV1313,EGAN00001503981,SAMEA103909797,EGAR00001539567,EGAX00001495760,EGAS00001002346,ENA-CHECKLIST=ERC000026
PV1314,EGAN00001503982,SAMEA103909798,EGAR00001539568,EGAX00001495761,EGAS00001002346,ENA-CHECKLIST=ERC000026
PV1314,EGAN00001503982,SAMEA103909798,EGAR00001539569,EGAX00001495762,EGAS00001002346,ENA-CHECKLIST=ERC000026
PV1315,EGAN00001503983,SAMEA103909799,EGAR00001539570,EGAX00001495763,EGAS00001002346,ENA-CHECKLIST=ERC000026
PV1315,EGAN00001503983,SAMEA103909799,EGAR00001539571,EGAX00001495764,EGAS00001002346,ENA-CHECKLIST=ERC000026
PV1319,EGAN00001503984,SAMEA103909800,EGAR00001539572,EGAX00001495765,EGAS00001002346,ENA-CHECKLIST=ERC000026
PV1319,EGAN00001503984,SAMEA103909800,EGAR00001539573,EGAX00001495766,EGAS00001002346,ENA-CHECKLIST=ERC000026
PV1321,EGAN00001503985,SAMEA103909801,EGAR00001539574,EGAX00001495767,EGAS00001002346,ENA-CHECKLIST=ERC000026
PV1321,EGAN00001503985,SAMEA103909801,EGAR00001539575,EGAX00001495768,EGAS00001002346,ENA-CHECKLIST=ERC000026
PV1323,EGAN00001503986,SAMEA103909802,EGAR00001539576,EGAX00001495769,EGAS00001002346,ENA-CHECKLIST=ERC000026
PV1323,EGAN00001503986,SAMEA103909802,EGAR00001539577,EGAX00001495770,EGAS00001002346,ENA-CHECKLIST=ERC000026
PV1325,EGAN00001503987,SAMEA103909803,EGAR00001539578,EGAX00001495771,EGAS00001002346,ENA-CHECKLIST=ERC000026
PV1325,EGAN00001503987,SAMEA103909803,EGAR00001539579,EGAX00001495772,EGAS00001002346,ENA-CHECKLIST=ERC000026
PV1326,EGAN00001503988,SAMEA103909804,EGAR00001539580,EGAX00001495773,EGAS00001002346,ENA-CHECKLIST=ERC000026
PV1326,EGAN00001503988,SAMEA103909804,EGAR00001539581,EGAX00001495774,EGAS00001002346,ENA-CHECKLIST=ERC000026
PV1329,EGAN00001503989,SAMEA103909805,EGAR00001539582,EGAX00001495775,EGAS00001002346,ENA-CHECKLIST=ERC000026
PV1329,EGAN00001503989,SAMEA103909805,EGAR00001539583,EGAX00001495776,EGAS00001002346,ENA-CHECKLIST=ERC000026
PV1334,EGAN00001503990,SAMEA103909806,EGAR00001539584,EGAX00001495777,EGAS00001002346,ENA-CHECKLIST=ERC000026
PV1334,EGAN00001503990,SAMEA103909806,EGAR00001539585,EGAX00001495778,EGAS00001002346,ENA-CHECKLIST=ERC000026
PV1336,EGAN00001503991,SAMEA103909807,EGAR00001539586,EGAX00001495779,EGAS00001002346,ENA-CHECKLIST=ERC000026
PV1336,EGAN00001503991,SAMEA103909807,EGAR00001539587,EGAX00001495780,EGAS00001002346,ENA-CHECKLIST=ERC000026
PV1341,EGAN00001503992,SAMEA103909808,EGAR00001539588,EGAX00001495781,EGAS00001002346,ENA-CHECKLIST=ERC000026
PV1345,EGAN00001503993,SAMEA103909809,EGAR00001539589,EGAX00001495782,EGAS00001002346,ENA-CHECKLIST=ERC000026
PV1345,EGAN00001503993,SAMEA103909809,EGAR00001539590,EGAX00001495783,EGAS00001002346,ENA-CHECKLIST=ERC000026
PV1346,EGAN00001503994,SAMEA103909810,EGAR00001539591,EGAX00001495784,EGAS00001002346,ENA-CHECKLIST=ERC000026
PV1349,EGAN00001503995,SAMEA103909811,EGAR00001539592,EGAX00001495785,EGAS00001002346,ENA-CHECKLIST=ERC000026
PV1349,EGAN00001503995,SAMEA103909811,EGAR00001539593,EGAX00001495786,EGAS00001002346,ENA-CHECKLIST=ERC000026
PV1349,EGAN00001503995,SAMEA103909811,EGAR00001539594,EGAX00001495787,EGAS00001002346,ENA-CHECKLIST=ERC000026
PV1350,EGAN00001503996,SAMEA103909812,EGAR00001539595,EGAX00001495788,EGAS00001002346,ENA-CHECKLIST=ERC000026
PV1350,EGAN00001503996,SAMEA103909812,EGAR00001539596,EGAX00001495789,EGAS00001002346,ENA-CHECKLIST=ERC000026
PV1351,EGAN00001503997,SAMEA103909813,EGAR00001539597,EGAX00001495790,EGAS00001002346,ENA-CHECKLIST=ERC000026
PV1351,EGAN00001503997,SAMEA103909813,EGAR00001539598,EGAX00001495791,EGAS00001002346,ENA-CHECKLIST=ERC000026
PV1351,EGAN00001503997,SAMEA103909813,EGAR00001539952,EGAX00001496145,EGAS00001002346,ENA-CHECKLIST=ERC000026
PV1353,EGAN00001503998,SAMEA103909814,EGAR00001539599,EGAX00001495792,EGAS00001002346,ENA-CHECKLIST=ERC000026
PV1354,EGAN00001503999,SAMEA103909815,EGAR00001539600,EGAX00001495793,EGAS00001002346,ENA-CHECKLIST=ERC000026
PV1354,EGAN00001503999,SAMEA103909815,EGAR00001539601,EGAX00001495794,EGAS00001002346,ENA-CHECKLIST=ERC000026
PV1355,EGAN00001504000,SAMEA103909816,EGAR00001539602,EGAX00001495795,EGAS00001002346,ENA-CHECKLIST=ERC000026
PV1355,EGAN00001504000,SAMEA103909816,EGAR00001539603,EGAX00001495796,EGAS00001002346,ENA-CHECKLIST=ERC000026
PV1357,EGAN00001504001,SAMEA103909817,EGAR00001539604,EGAX00001495797,EGAS00001002346,ENA-CHECKLIST=ERC000026
PV1357,EGAN00001504001,SAMEA103909817,EGAR00001539605,EGAX00001495798,EGAS00001002346,ENA-CHECKLIST=ERC000026
PV1358,EGAN00001504002,SAMEA103909818,EGAR00001539606,EGAX00001495799,EGAS00001002346,ENA-CHECKLIST=ERC000026
PV1358,EGAN00001504002,SAMEA103909818,EGAR00001539607,EGAX00001495800,EGAS00001002346,ENA-CHECKLIST=ERC000026
PV1359,EGAN00001504003,SAMEA103909819,EGAR00001539608,EGAX00001495801,EGAS00001002346,ENA-CHECKLIST=ERC000026
PV1364,EGAN00001504004,SAMEA103909820,EGAR00001539609,EGAX00001495802,EGAS00001002346,ENA-CHECKLIST=ERC000026
PV1365,EGAN00001504005,SAMEA103909821,EGAR00001539610,EGAX00001495803,EGAS00001002346,ENA-CHECKLIST=ERC000026
PV1365,EGAN00001504005,SAMEA103909821,EGAR00001539611,EGAX00001495804,EGAS00001002346,ENA-CHECKLIST=ERC000026
PV1366,EGAN00001504006,SAMEA103909822,EGAR00001539612,EGAX00001495805,EGAS00001002346,ENA-CHECKLIST=ERC000026
PV1366,EGAN00001504006,SAMEA103909822,EGAR00001539613,EGAX00001495806,EGAS00001002346,ENA-CHECKLIST=ERC000026
PV1366,EGAN00001504006,SAMEA103909822,EGAR00001539614,EGAX00001495807,EGAS00001002346,ENA-CHECKLIST=ERC000026
PV1370,EGAN00001504007,SAMEA103909823,EGAR00001539615,EGAX00001495808,EGAS00001002346,ENA-CHECKLIST=ERC000026
PV1370,EGAN00001504007,SAMEA103909823,EGAR00001539616,EGAX00001495809,EGAS00001002346,ENA-CHECKLIST=ERC000026
PV1380,EGAN00001504008,SAMEA103909824,EGAR00001539617,EGAX00001495810,EGAS00001002346,ENA-CHECKLIST=ERC000026
PV1380,EGAN00001504008,SAMEA103909824,EGAR00001539618,EGAX00001495811,EGAS00001002346,ENA-CHECKLIST=ERC000026
PV1383,EGAN00001504009,SAMEA103909825,EGAR00001539619,EGAX00001495812,EGAS00001002346,ENA-CHECKLIST=ERC000026
PV1383,EGAN00001504009,SAMEA103909825,EGAR00001539620,EGAX00001495813,EGAS00001002346,ENA-CHECKLIST=ERC000026
PV1384,EGAN00001504010,SAMEA103909826,EGAR00001539621,EGAX00001495814,EGAS00001002346,ENA-CHECKLIST=ERC000026
PV1385,EGAN00001504011,SAMEA103909827,EGAR00001539622,EGAX00001495815,EGAS00001002346,ENA-CHECKLIST=ERC000026
PV1388,EGAN00001504012,SAMEA103909828,EGAR00001539623,EGAX00001495816,EGAS00001002346,ENA-CHECKLIST=ERC000026
PV1388,EGAN00001504012,SAMEA103909828,EGAR00001539624,EGAX00001495817,EGAS00001002346,ENA-CHECKLIST=ERC000026
PV1389,EGAN00001504013,SAMEA103909829,EGAR00001539625,EGAX00001495818,EGAS00001002346,ENA-CHECKLIST=ERC000026
PV1389,EGAN00001504013,SAMEA103909829,EGAR00001539626,EGAX00001495819,EGAS00001002346,ENA-CHECKLIST=ERC000026
PV1391,EGAN00001504014,SAMEA103909830,EGAR00001539627,EGAX00001495820,EGAS00001002346,ENA-CHECKLIST=ERC000026
PV1394,EGAN00001504015,SAMEA103909831,EGAR00001539628,EGAX00001495821,EGAS00001002346,ENA-CHECKLIST=ERC000026
PV1394,EGAN00001504015,SAMEA103909831,EGAR00001539629,EGAX00001495822,EGAS00001002346,ENA-CHECKLIST=ERC000026
PV1395,EGAN00001504016,SAMEA103909832,EGAR00001539630,EGAX00001495823,EGAS00001002346,ENA-CHECKLIST=ERC000026
PV1395,EGAN00001504016,SAMEA103909832,EGAR00001539631,EGAX00001495824,EGAS00001002346,ENA-CHECKLIST=ERC000026
PV1397,EGAN00001504017,SAMEA103909833,EGAR00001539632,EGAX00001495825,EGAS00001002346,ENA-CHECKLIST=ERC000026
PV1397,EGAN00001504017,SAMEA103909833,EGAR00001539633,EGAX00001495826,EGAS00001002346,ENA-CHECKLIST=ERC000026
PV1403,EGAN00001504018,SAMEA103909834,EGAR00001539634,EGAX00001495827,EGAS00001002346,ENA-CHECKLIST=ERC000026
PV1403,EGAN00001504018,SAMEA103909834,EGAR00001539635,EGAX00001495828,EGAS00001002346,ENA-CHECKLIST=ERC000026
PV1403,EGAN00001504018,SAMEA103909834,EGAR00001539636,EGAX00001495829,EGAS00001002346,ENA-CHECKLIST=ERC000026
PV1404,EGAN00001504019,SAMEA103909835,EGAR00001539637,EGAX00001495830,EGAS00001002346,ENA-CHECKLIST=ERC000026
PV1406,EGAN00001504020,SAMEA103909836,EGAR00001539638,EGAX00001495831,EGAS00001002346,ENA-CHECKLIST=ERC000026
PV1406,EGAN00001504020,SAMEA103909836,EGAR00001539639,EGAX00001495832,EGAS00001002346,ENA-CHECKLIST=ERC000026
PV1406,EGAN00001504020,SAMEA103909836,EGAR00001539640,EGAX00001495833,EGAS00001002346,ENA-CHECKLIST=ERC000026
PV1407,EGAN00001504021,SAMEA103909837,EGAR00001539641,EGAX00001495834,EGAS00001002346,ENA-CHECKLIST=ERC000026
PV1407,EGAN00001504021,SAMEA103909837,EGAR00001539642,EGAX00001495835,EGAS00001002346,ENA-CHECKLIST=ERC000026
PV1408,EGAN00001504022,SAMEA103909838,EGAR00001539643,EGAX00001495836,EGAS00001002346,ENA-CHECKLIST=ERC000026
PV1408,EGAN00001504022,SAMEA103909838,EGAR00001539644,EGAX00001495837,EGAS00001002346,ENA-CHECKLIST=ERC000026
PV1413,EGAN00001504023,SAMEA103909839,EGAR00001539645,EGAX00001495838,EGAS00001002346,ENA-CHECKLIST=ERC000026
PV1413,EGAN00001504023,SAMEA103909839,EGAR00001539646,EGAX00001495839,EGAS00001002346,ENA-CHECKLIST=ERC000026
PV1422,EGAN00001504024,SAMEA103909840,EGAR00001539647,EGAX00001495840,EGAS00001002346,ENA-CHECKLIST=ERC000026
PV1422,EGAN00001504024,SAMEA103909840,EGAR00001539648,EGAX00001495841,EGAS00001002346,ENA-CHECKLIST=ERC000026
PV1424,EGAN00001504025,SAMEA103909841,EGAR00001539649,EGAX00001495842,EGAS00001002346,ENA-CHECKLIST=ERC000026
PV1424,EGAN00001504025,SAMEA103909841,EGAR00001539650,EGAX00001495843,EGAS00001002346,ENA-CHECKLIST=ERC000026
PV1427,EGAN00001504026,SAMEA103909842,EGAR00001539651,EGAX00001495844,EGAS00001002346,ENA-CHECKLIST=ERC000026
PV1427,EGAN00001504026,SAMEA103909842,EGAR00001539652,EGAX00001495845,EGAS00001002346,ENA-CHECKLIST=ERC000026
PV1429,EGAN00001504027,SAMEA103909843,EGAR00001539653,EGAX00001495846,EGAS00001002346,ENA-CHECKLIST=ERC000026
PV1431,EGAN00001504028,SAMEA103909844,EGAR00001539654,EGAX00001495847,EGAS00001002346,ENA-CHECKLIST=ERC000026
PV1431,EGAN00001504028,SAMEA103909844,EGAR00001539655,EGAX00001495848,EGAS00001002346,ENA-CHECKLIST=ERC000026
PV1432,EGAN00001504029,SAMEA103909845,EGAR00001539656,EGAX00001495849,EGAS00001002346,ENA-CHECKLIST=ERC000026
PV1432,EGAN00001504029,SAMEA103909845,EGAR00001539657,EGAX00001495850,EGAS00001002346,ENA-CHECKLIST=ERC000026
PV1434,EGAN00001504030,SAMEA103909846,EGAR00001539658,EGAX00001495851,EGAS00001002346,ENA-CHECKLIST=ERC000026
PV1434,EGAN00001504030,SAMEA103909846,EGAR00001539659,EGAX00001495852,EGAS00001002346,ENA-CHECKLIST=ERC000026
PV1437,EGAN00001504031,SAMEA103909847,EGAR00001539660,EGAX00001495853,EGAS00001002346,ENA-CHECKLIST=ERC000026
PV1437,EGAN00001504031,SAMEA103909847,EGAR00001539661,EGAX00001495854,EGAS00001002346,ENA-CHECKLIST=ERC000026
PV1440,EGAN00001504032,SAMEA103909848,EGAR00001539662,EGAX00001495855,EGAS00001002346,ENA-CHECKLIST=ERC000026
PV1444,EGAN00001504033,SAMEA103909849,EGAR00001539663,EGAX00001495856,EGAS00001002346,ENA-CHECKLIST=ERC000026
PV1445,EGAN00001504034,SAMEA103909850,EGAR00001539664,EGAX00001495857,EGAS00001002346,ENA-CHECKLIST=ERC000026
PV1446,EGAN00001504035,SAMEA103909851,EGAR00001539665,EGAX00001495858,EGAS00001002346,ENA-CHECKLIST=ERC000026
PV1448,EGAN00001504036,SAMEA103909852,EGAR00001539666,EGAX00001495859,EGAS00001002346,ENA-CHECKLIST=ERC000026
PV1451,EGAN00001504037,SAMEA103909853,EGAR00001539667,EGAX00001495860,EGAS00001002346,ENA-CHECKLIST=ERC000026
PV1452,EGAN00001504038,SAMEA103909854,EGAR00001539668,EGAX00001495861,EGAS00001002346,ENA-CHECKLIST=ERC000026
PV1452,EGAN00001504038,SAMEA103909854,EGAR00001539669,EGAX00001495862,EGAS00001002346,ENA-CHECKLIST=ERC000026
PV1454,EGAN00001504039,SAMEA103909855,EGAR00001539670,EGAX00001495863,EGAS00001002346,ENA-CHECKLIST=ERC000026
PV1455,EGAN00001504040,SAMEA103909856,EGAR00001539671,EGAX00001495864,EGAS00001002346,ENA-CHECKLIST=ERC000026
PV1458,EGAN00001504041,SAMEA103909857,EGAR00001539672,EGAX00001495865,EGAS00001002346,ENA-CHECKLIST=ERC000026
PV1458,EGAN00001504041,SAMEA103909857,EGAR00001539673,EGAX00001495866,EGAS00001002346,ENA-CHECKLIST=ERC000026
PV1458,EGAN00001504041,SAMEA103909857,EGAR00001539674,EGAX00001495867,EGAS00001002346,ENA-CHECKLIST=ERC000026
PV1459,EGAN00001504042,SAMEA103909858,EGAR00001539675,EGAX00001495868,EGAS00001002346,ENA-CHECKLIST=ERC000026
PV1459,EGAN00001504042,SAMEA103909858,EGAR00001539676,EGAX00001495869,EGAS00001002346,ENA-CHECKLIST=ERC000026
PV1460,EGAN00001504043,SAMEA103909859,EGAR00001539677,EGAX00001495870,EGAS00001002346,ENA-CHECKLIST=ERC000026
PV1464,EGAN00001504044,SAMEA103909860,EGAR00001539678,EGAX00001495871,EGAS00001002346,ENA-CHECKLIST=ERC000026
PV1464,EGAN00001504044,SAMEA103909860,EGAR00001539679,EGAX00001495872,EGAS00001002346,ENA-CHECKLIST=ERC000026
PV1470,EGAN00001504045,SAMEA103909861,EGAR00001539680,EGAX00001495873,EGAS00001002346,ENA-CHECKLIST=ERC000026
PV1470,EGAN00001504045,SAMEA103909861,EGAR00001539681,EGAX00001495874,EGAS00001002346,ENA-CHECKLIST=ERC000026
PV1473,EGAN00001504046,SAMEA103909862,EGAR00001539682,EGAX00001495875,EGAS00001002346,ENA-CHECKLIST=ERC000026
PV1473,EGAN00001504046,SAMEA103909862,EGAR00001539683,EGAX00001495876,EGAS00001002346,ENA-CHECKLIST=ERC000026
PV1482,EGAN00001504047,SAMEA103909863,EGAR00001539684,EGAX00001495877,EGAS00001002346,ENA-CHECKLIST=ERC000026
PV1482,EGAN00001504047,SAMEA103909863,EGAR00001539685,EGAX00001495878,EGAS00001002346,ENA-CHECKLIST=ERC000026
PV1482,EGAN00001504047,SAMEA103909863,EGAR00001539686,EGAX00001495879,EGAS00001002346,ENA-CHECKLIST=ERC000026
PV175,EGAN00001504048,SAMEA103909864,EGAR00001539687,EGAX00001495880,EGAS00001002346,ENA-CHECKLIST=ERC000026
PV175,EGAN00001504048,SAMEA103909864,EGAR00001539688,EGAX00001495881,EGAS00001002346,ENA-CHECKLIST=ERC000026
PV177,EGAN00001504049,SAMEA103909865,EGAR00001539689,EGAX00001495882,EGAS00001002346,ENA-CHECKLIST=ERC000026
PV177,EGAN00001504049,SAMEA103909865,EGAR00001539690,EGAX00001495883,EGAS00001002346,ENA-CHECKLIST=ERC000026
PV19,EGAN00001504050,SAMEA103909866,EGAR00001539691,EGAX00001495884,EGAS00001002346,ENA-CHECKLIST=ERC000026
PV19,EGAN00001504050,SAMEA103909866,EGAR00001539692,EGAX00001495885,EGAS00001002346,ENA-CHECKLIST=ERC000026
PV19,EGAN00001504050,SAMEA103909866,EGAR00001539693,EGAX00001495886,EGAS00001002346,ENA-CHECKLIST=ERC000026
PV200,EGAN00001504051,SAMEA103909867,EGAR00001539694,EGAX00001495887,EGAS00001002346,ENA-CHECKLIST=ERC000026
PV200,EGAN00001504051,SAMEA103909867,EGAR00001539695,EGAX00001495888,EGAS00001002346,ENA-CHECKLIST=ERC000026
PV219,EGAN00001504052,SAMEA103909868,EGAR00001539696,EGAX00001495889,EGAS00001002346,ENA-CHECKLIST=ERC000026
PV219,EGAN00001504052,SAMEA103909868,EGAR00001539697,EGAX00001495890,EGAS00001002346,ENA-CHECKLIST=ERC000026
PV219,EGAN00001504052,SAMEA103909868,EGAR00001539698,EGAX00001495891,EGAS00001002346,ENA-CHECKLIST=ERC000026
PV219,EGAN00001504052,SAMEA103909868,EGAR00001539699,EGAX00001495892,EGAS00001002346,ENA-CHECKLIST=ERC000026
PV219,EGAN00001504052,SAMEA103909868,EGAR00001539700,EGAX00001495893,EGAS00001002346,ENA-CHECKLIST=ERC000026
PV221,EGAN00001504053,SAMEA103909869,EGAR00001539701,EGAX00001495894,EGAS00001002346,ENA-CHECKLIST=ERC000026
PV221,EGAN00001504053,SAMEA103909869,EGAR00001539702,EGAX00001495895,EGAS00001002346,ENA-CHECKLIST=ERC000026
PV225,EGAN00001504054,SAMEA103909870,EGAR00001539703,EGAX00001495896,EGAS00001002346,ENA-CHECKLIST=ERC000026
PV225,EGAN00001504054,SAMEA103909870,EGAR00001539704,EGAX00001495897,EGAS00001002346,ENA-CHECKLIST=ERC000026
PV242,EGAN00001504055,SAMEA103909871,EGAR00001539705,EGAX00001495898,EGAS00001002346,ENA-CHECKLIST=ERC000026
PV242,EGAN00001504055,SAMEA103909871,EGAR00001539706,EGAX00001495899,EGAS00001002346,ENA-CHECKLIST=ERC000026
PV242,EGAN00001504055,SAMEA103909871,EGAR00001539707,EGAX00001495900,EGAS00001002346,ENA-CHECKLIST=ERC000026
PV244,EGAN00001504056,SAMEA103909872,EGAR00001539708,EGAX00001495901,EGAS00001002346,ENA-CHECKLIST=ERC000026
PV244,EGAN00001504056,SAMEA103909872,EGAR00001539709,EGAX00001495902,EGAS00001002346,ENA-CHECKLIST=ERC000026
PV244,EGAN00001504056,SAMEA103909872,EGAR00001539710,EGAX00001495903,EGAS00001002346,ENA-CHECKLIST=ERC000026
PV259,EGAN00001504057,SAMEA103909873,EGAR00001539711,EGAX00001495904,EGAS00001002346,ENA-CHECKLIST=ERC000026
PV259,EGAN00001504057,SAMEA103909873,EGAR00001539712,EGAX00001495905,EGAS00001002346,ENA-CHECKLIST=ERC000026
PV259,EGAN00001504057,SAMEA103909873,EGAR00001539713,EGAX00001495906,EGAS00001002346,ENA-CHECKLIST=ERC000026
PV298,EGAN00001504058,SAMEA103909874,EGAR00001539714,EGAX00001495907,EGAS00001002346,ENA-CHECKLIST=ERC000026
PV298,EGAN00001504058,SAMEA103909874,EGAR00001539715,EGAX00001495908,EGAS00001002346,ENA-CHECKLIST=ERC000026
PV350,EGAN00001504059,SAMEA103909875,EGAR00001539716,EGAX00001495909,EGAS00001002346,ENA-CHECKLIST=ERC000026
PV350,EGAN00001504059,SAMEA103909875,EGAR00001539717,EGAX00001495910,EGAS00001002346,ENA-CHECKLIST=ERC000026
PV359,EGAN00001504060,SAMEA103909876,EGAR00001539718,EGAX00001495911,EGAS00001002346,ENA-CHECKLIST=ERC000026
PV359,EGAN00001504060,SAMEA103909876,EGAR00001539719,EGAX00001495912,EGAS00001002346,ENA-CHECKLIST=ERC000026
PV366,EGAN00001504061,SAMEA103909877,EGAR00001539720,EGAX00001495913,EGAS00001002346,ENA-CHECKLIST=ERC000026
PV366,EGAN00001504061,SAMEA103909877,EGAR00001539721,EGAX00001495914,EGAS00001002346,ENA-CHECKLIST=ERC000026
PV366,EGAN00001504061,SAMEA103909877,EGAR00001539722,EGAX00001495915,EGAS00001002346,ENA-CHECKLIST=ERC000026
PV38,EGAN00001504062,SAMEA103909878,EGAR00001539723,EGAX00001495916,EGAS00001002346,ENA-CHECKLIST=ERC000026
PV38,EGAN00001504062,SAMEA103909878,EGAR00001539724,EGAX00001495917,EGAS00001002346,ENA-CHECKLIST=ERC000026
PV415,EGAN00001504063,SAMEA103909879,EGAR00001539725,EGAX00001495918,EGAS00001002346,ENA-CHECKLIST=ERC000026
PV415,EGAN00001504063,SAMEA103909879,EGAR00001539726,EGAX00001495919,EGAS00001002346,ENA-CHECKLIST=ERC000026
PV417,EGAN00001504064,SAMEA103909880,EGAR00001539727,EGAX00001495920,EGAS00001002346,ENA-CHECKLIST=ERC000026
PV417,EGAN00001504064,SAMEA103909880,EGAR00001539728,EGAX00001495921,EGAS00001002346,ENA-CHECKLIST=ERC000026
PV448,EGAN00001504065,SAMEA103909881,EGAR00001539729,EGAX00001495922,EGAS00001002346,ENA-CHECKLIST=ERC000026
PV448,EGAN00001504065,SAMEA103909881,EGAR00001539730,EGAX00001495923,EGAS00001002346,ENA-CHECKLIST=ERC000026
PV448,EGAN00001504065,SAMEA103909881,EGAR00001539731,EGAX00001495924,EGAS00001002346,ENA-CHECKLIST=ERC000026
PV481,EGAN00001504066,SAMEA103909882,EGAR00001539732,EGAX00001495925,EGAS00001002346,ENA-CHECKLIST=ERC000026
PV481,EGAN00001504066,SAMEA103909882,EGAR00001539733,EGAX00001495926,EGAS00001002346,ENA-CHECKLIST=ERC000026
PV481,EGAN00001504066,SAMEA103909882,EGAR00001539734,EGAX00001495927,EGAS00001002346,ENA-CHECKLIST=ERC000026
PV482,EGAN00001504067,SAMEA103909883,EGAR00001539735,EGAX00001495928,EGAS00001002346,ENA-CHECKLIST=ERC000026
PV482,EGAN00001504067,SAMEA103909883,EGAR00001539736,EGAX00001495929,EGAS00001002346,ENA-CHECKLIST=ERC000026
PV492,EGAN00001504068,SAMEA103909884,EGAR00001539737,EGAX00001495930,EGAS00001002346,ENA-CHECKLIST=ERC000026
PV492,EGAN00001504068,SAMEA103909884,EGAR00001539738,EGAX00001495931,EGAS00001002346,ENA-CHECKLIST=ERC000026
PV492,EGAN00001504068,SAMEA103909884,EGAR00001539739,EGAX00001495932,EGAS00001002346,ENA-CHECKLIST=ERC000026
PV492,EGAN00001504068,SAMEA103909884,EGAR00001539740,EGAX00001495933,EGAS00001002346,ENA-CHECKLIST=ERC000026
PV554,EGAN00001504069,SAMEA103909885,EGAR00001539741,EGAX00001495934,EGAS00001002346,ENA-CHECKLIST=ERC000026
PV554,EGAN00001504069,SAMEA103909885,EGAR00001539742,EGAX00001495935,EGAS00001002346,ENA-CHECKLIST=ERC000026
PV559,EGAN00001504070,SAMEA103909886,EGAR00001539743,EGAX00001495936,EGAS00001002346,ENA-CHECKLIST=ERC000026
PV559,EGAN00001504070,SAMEA103909886,EGAR00001539744,EGAX00001495937,EGAS00001002346,ENA-CHECKLIST=ERC000026
PV584,EGAN00001504071,SAMEA103909887,EGAR00001539745,EGAX00001495938,EGAS00001002346,ENA-CHECKLIST=ERC000026
PV584,EGAN00001504071,SAMEA103909887,EGAR00001539746,EGAX00001495939,EGAS00001002346,ENA-CHECKLIST=ERC000026
PV584,EGAN00001504071,SAMEA103909887,EGAR00001539747,EGAX00001495940,EGAS00001002346,ENA-CHECKLIST=ERC000026
PV586,EGAN00001504072,SAMEA103909888,EGAR00001539748,EGAX00001495941,EGAS00001002346,ENA-CHECKLIST=ERC000026
PV586,EGAN00001504072,SAMEA103909888,EGAR00001539749,EGAX00001495942,EGAS00001002346,ENA-CHECKLIST=ERC000026
PV587,EGAN00001504073,SAMEA103909889,EGAR00001539750,EGAX00001495943,EGAS00001002346,ENA-CHECKLIST=ERC000026
PV587,EGAN00001504073,SAMEA103909889,EGAR00001539751,EGAX00001495944,EGAS00001002346,ENA-CHECKLIST=ERC000026
PV588,EGAN00001504074,SAMEA103909890,EGAR00001539752,EGAX00001495945,EGAS00001002346,ENA-CHECKLIST=ERC000026
PV588,EGAN00001504074,SAMEA103909890,EGAR00001539753,EGAX00001495946,EGAS00001002346,ENA-CHECKLIST=ERC000026
PV593,EGAN00001504075,SAMEA103909891,EGAR00001539754,EGAX00001495947,EGAS00001002346,ENA-CHECKLIST=ERC000026
PV593,EGAN00001504075,SAMEA103909891,EGAR00001539755,EGAX00001495948,EGAS00001002346,ENA-CHECKLIST=ERC000026
PV593,EGAN00001504075,SAMEA103909891,EGAR00001539756,EGAX00001495949,EGAS00001002346,ENA-CHECKLIST=ERC000026
PV598,EGAN00001504076,SAMEA103909892,EGAR00001539757,EGAX00001495950,EGAS00001002346,ENA-CHECKLIST=ERC000026
PV598,EGAN00001504076,SAMEA103909892,EGAR00001539758,EGAX00001495951,EGAS00001002346,ENA-CHECKLIST=ERC000026
PV603,EGAN00001504077,SAMEA103909893,EGAR00001539759,EGAX00001495952,EGAS00001002346,ENA-CHECKLIST=ERC000026
PV603,EGAN00001504077,SAMEA103909893,EGAR00001539760,EGAX00001495953,EGAS00001002346,ENA-CHECKLIST=ERC000026
PV603,EGAN00001504077,SAMEA103909893,EGAR00001539761,EGAX00001495954,EGAS00001002346,ENA-CHECKLIST=ERC000026
PV605,EGAN00001504078,SAMEA103909894,EGAR00001539762,EGAX00001495955,EGAS00001002346,ENA-CHECKLIST=ERC000026
PV605,EGAN00001504078,SAMEA103909894,EGAR00001539763,EGAX00001495956,EGAS00001002346,ENA-CHECKLIST=ERC000026
PV607,EGAN00001504079,SAMEA103909895,EGAR00001539764,EGAX00001495957,EGAS00001002346,ENA-CHECKLIST=ERC000026
PV607,EGAN00001504079,SAMEA103909895,EGAR00001539765,EGAX00001495958,EGAS00001002346,ENA-CHECKLIST=ERC000026
PV609,EGAN00001504080,SAMEA103909896,EGAR00001539766,EGAX00001495959,EGAS00001002346,ENA-CHECKLIST=ERC000026
PV609,EGAN00001504080,SAMEA103909896,EGAR00001539767,EGAX00001495960,EGAS00001002346,ENA-CHECKLIST=ERC000026
PV609,EGAN00001504080,SAMEA103909896,EGAR00001539768,EGAX00001495961,EGAS00001002346,ENA-CHECKLIST=ERC000026
PV609,EGAN00001504080,SAMEA103909896,EGAR00001539769,EGAX00001495962,EGAS00001002346,ENA-CHECKLIST=ERC000026
PV618,EGAN00001504081,SAMEA103909897,EGAR00001539770,EGAX00001495963,EGAS00001002346,ENA-CHECKLIST=ERC000026
PV618,EGAN00001504081,SAMEA103909897,EGAR00001539771,EGAX00001495964,EGAS00001002346,ENA-CHECKLIST=ERC000026
PV623,EGAN00001504082,SAMEA103909898,EGAR00001539772,EGAX00001495965,EGAS00001002346,ENA-CHECKLIST=ERC000026
PV628,EGAN00001504083,SAMEA103909899,EGAR00001539773,EGAX00001495966,EGAS00001002346,ENA-CHECKLIST=ERC000026
PV628,EGAN00001504083,SAMEA103909899,EGAR00001539774,EGAX00001495967,EGAS00001002346,ENA-CHECKLIST=ERC000026
PV628,EGAN00001504083,SAMEA103909899,EGAR00001539775,EGAX00001495968,EGAS00001002346,ENA-CHECKLIST=ERC000026
PV628,EGAN00001504083,SAMEA103909899,EGAR00001539776,EGAX00001495969,EGAS00001002346,ENA-CHECKLIST=ERC000026
PV631,EGAN00001504084,SAMEA103909900,EGAR00001539777,EGAX00001495970,EGAS00001002346,ENA-CHECKLIST=ERC000026
PV631,EGAN00001504084,SAMEA103909900,EGAR00001539778,EGAX00001495971,EGAS00001002346,ENA-CHECKLIST=ERC000026
PV631,EGAN00001504084,SAMEA103909900,EGAR00001539779,EGAX00001495972,EGAS00001002346,ENA-CHECKLIST=ERC000026
PV636,EGAN00001504085,SAMEA103909901,EGAR00001539780,EGAX00001495973,EGAS00001002346,ENA-CHECKLIST=ERC000026
PV641,EGAN00001504086,SAMEA103909902,EGAR00001539781,EGAX00001495974,EGAS00001002346,ENA-CHECKLIST=ERC000026
PV641,EGAN00001504086,SAMEA103909902,EGAR00001539782,EGAX00001495975,EGAS00001002346,ENA-CHECKLIST=ERC000026
PV642,EGAN00001504087,SAMEA103909903,EGAR00001539783,EGAX00001495976,EGAS00001002346,ENA-CHECKLIST=ERC000026
PV642,EGAN00001504087,SAMEA103909903,EGAR00001539784,EGAX00001495977,EGAS00001002346,ENA-CHECKLIST=ERC000026
PV642,EGAN00001504087,SAMEA103909903,EGAR00001539785,EGAX00001495978,EGAS00001002346,ENA-CHECKLIST=ERC000026
PV642,EGAN00001504087,SAMEA103909903,EGAR00001539786,EGAX00001495979,EGAS00001002346,ENA-CHECKLIST=ERC000026
PV642,EGAN00001504087,SAMEA103909903,EGAR00001539787,EGAX00001495980,EGAS00001002346,ENA-CHECKLIST=ERC000026
PV647,EGAN00001504088,SAMEA103909904,EGAR00001539788,EGAX00001495981,EGAS00001002346,ENA-CHECKLIST=ERC000026
PV647,EGAN00001504088,SAMEA103909904,EGAR00001539789,EGAX00001495982,EGAS00001002346,ENA-CHECKLIST=ERC000026
PV649,EGAN00001504089,SAMEA103909905,EGAR00001539790,EGAX00001495983,EGAS00001002346,ENA-CHECKLIST=ERC000026
PV649,EGAN00001504089,SAMEA103909905,EGAR00001539791,EGAX00001495984,EGAS00001002346,ENA-CHECKLIST=ERC000026
PV656,EGAN00001504090,SAMEA103909906,EGAR00001539792,EGAX00001495985,EGAS00001002346,ENA-CHECKLIST=ERC000026
PV656,EGAN00001504090,SAMEA103909906,EGAR00001539793,EGAX00001495986,EGAS00001002346,ENA-CHECKLIST=ERC000026
PV658,EGAN00001504091,SAMEA103909907,EGAR00001539794,EGAX00001495987,EGAS00001002346,ENA-CHECKLIST=ERC000026
PV658,EGAN00001504091,SAMEA103909907,EGAR00001539795,EGAX00001495988,EGAS00001002346,ENA-CHECKLIST=ERC000026
PV663,EGAN00001504092,SAMEA103909908,EGAR00001539796,EGAX00001495989,EGAS00001002346,ENA-CHECKLIST=ERC000026
PV663,EGAN00001504092,SAMEA103909908,EGAR00001539797,EGAX00001495990,EGAS00001002346,ENA-CHECKLIST=ERC000026
PV663,EGAN00001504092,SAMEA103909908,EGAR00001539798,EGAX00001495991,EGAS00001002346,ENA-CHECKLIST=ERC000026
PV664,EGAN00001504093,SAMEA103909909,EGAR00001539799,EGAX00001495992,EGAS00001002346,ENA-CHECKLIST=ERC000026
PV664,EGAN00001504093,SAMEA103909909,EGAR00001539800,EGAX00001495993,EGAS00001002346,ENA-CHECKLIST=ERC000026
PV674,EGAN00001504094,SAMEA103909910,EGAR00001539801,EGAX00001495994,EGAS00001002346,ENA-CHECKLIST=ERC000026
PV674,EGAN00001504094,SAMEA103909910,EGAR00001539802,EGAX00001495995,EGAS00001002346,ENA-CHECKLIST=ERC000026
PV676,EGAN00001504095,SAMEA103909911,EGAR00001539803,EGAX00001495996,EGAS00001002346,ENA-CHECKLIST=ERC000026
PV676,EGAN00001504095,SAMEA103909911,EGAR00001539804,EGAX00001495997,EGAS00001002346,ENA-CHECKLIST=ERC000026
PV679,EGAN00001504096,SAMEA103909912,EGAR00001539805,EGAX00001495998,EGAS00001002346,ENA-CHECKLIST=ERC000026
PV679,EGAN00001504096,SAMEA103909912,EGAR00001539806,EGAX00001495999,EGAS00001002346,ENA-CHECKLIST=ERC000026
PV680,EGAN00001504097,SAMEA103909913,EGAR00001539807,EGAX00001496000,EGAS00001002346,ENA-CHECKLIST=ERC000026
PV680,EGAN00001504097,SAMEA103909913,EGAR00001539808,EGAX00001496001,EGAS00001002346,ENA-CHECKLIST=ERC000026
PV683,EGAN00001504098,SAMEA103909914,EGAR00001539809,EGAX00001496002,EGAS00001002346,ENA-CHECKLIST=ERC000026
PV683,EGAN00001504098,SAMEA103909914,EGAR00001539810,EGAX00001496003,EGAS00001002346,ENA-CHECKLIST=ERC000026
PV689,EGAN00001504099,SAMEA103909915,EGAR00001539811,EGAX00001496004,EGAS00001002346,ENA-CHECKLIST=ERC000026
PV689,EGAN00001504099,SAMEA103909915,EGAR00001539812,EGAX00001496005,EGAS00001002346,ENA-CHECKLIST=ERC000026
PV692,EGAN00001504100,SAMEA103909916,EGAR00001539813,EGAX00001496006,EGAS00001002346,ENA-CHECKLIST=ERC000026
PV692,EGAN00001504100,SAMEA103909916,EGAR00001539814,EGAX00001496007,EGAS00001002346,ENA-CHECKLIST=ERC000026
PV693,EGAN00001504101,SAMEA103909917,EGAR00001539815,EGAX00001496008,EGAS00001002346,ENA-CHECKLIST=ERC000026
PV693,EGAN00001504101,SAMEA103909917,EGAR00001539816,EGAX00001496009,EGAS00001002346,ENA-CHECKLIST=ERC000026
PV695,EGAN00001504102,SAMEA103909918,EGAR00001539817,EGAX00001496010,EGAS00001002346,ENA-CHECKLIST=ERC000026
PV695,EGAN00001504102,SAMEA103909918,EGAR00001539818,EGAX00001496011,EGAS00001002346,ENA-CHECKLIST=ERC000026
PV698,EGAN00001504103,SAMEA103909919,EGAR00001539819,EGAX00001496012,EGAS00001002346,ENA-CHECKLIST=ERC000026
PV698,EGAN00001504103,SAMEA103909919,EGAR00001539820,EGAX00001496013,EGAS00001002346,ENA-CHECKLIST=ERC000026
PV698,EGAN00001504103,SAMEA103909919,EGAR00001539821,EGAX00001496014,EGAS00001002346,ENA-CHECKLIST=ERC000026
PV698,EGAN00001504103,SAMEA103909919,EGAR00001539822,EGAX00001496015,EGAS00001002346,ENA-CHECKLIST=ERC000026
PV698,EGAN00001504103,SAMEA103909919,EGAR00001539823,EGAX00001496016,EGAS00001002346,ENA-CHECKLIST=ERC000026
PV699,EGAN00001504104,SAMEA103909920,EGAR00001539824,EGAX00001496017,EGAS00001002346,ENA-CHECKLIST=ERC000026
PV699,EGAN00001504104,SAMEA103909920,EGAR00001539825,EGAX00001496018,EGAS00001002346,ENA-CHECKLIST=ERC000026
PV701,EGAN00001504105,SAMEA103909921,EGAR00001539826,EGAX00001496019,EGAS00001002346,ENA-CHECKLIST=ERC000026
PV701,EGAN00001504105,SAMEA103909921,EGAR00001539827,EGAX00001496020,EGAS00001002346,ENA-CHECKLIST=ERC000026
PV701,EGAN00001504105,SAMEA103909921,EGAR00001539828,EGAX00001496021,EGAS00001002346,ENA-CHECKLIST=ERC000026
PV701,EGAN00001504105,SAMEA103909921,EGAR00001539829,EGAX00001496022,EGAS00001002346,ENA-CHECKLIST=ERC000026
PV734,EGAN00001504106,SAMEA103909922,EGAR00001539830,EGAX00001496023,EGAS00001002346,ENA-CHECKLIST=ERC000026
PV734,EGAN00001504106,SAMEA103909922,EGAR00001539831,EGAX00001496024,EGAS00001002346,ENA-CHECKLIST=ERC000026
PV734,EGAN00001504106,SAMEA103909922,EGAR00001539832,EGAX00001496025,EGAS00001002346,ENA-CHECKLIST=ERC000026
PV756,EGAN00001504107,SAMEA103909923,EGAR00001539833,EGAX00001496026,EGAS00001002346,ENA-CHECKLIST=ERC000026
PV756,EGAN00001504107,SAMEA103909923,EGAR00001539834,EGAX00001496027,EGAS00001002346,ENA-CHECKLIST=ERC000026
PV776,EGAN00001504108,SAMEA103909924,EGAR00001539835,EGAX00001496028,EGAS00001002346,ENA-CHECKLIST=ERC000026
PV776,EGAN00001504108,SAMEA103909924,EGAR00001539836,EGAX00001496029,EGAS00001002346,ENA-CHECKLIST=ERC000026
PV830,EGAN00001504109,SAMEA103909925,EGAR00001539837,EGAX00001496030,EGAS00001002346,ENA-CHECKLIST=ERC000026
PV836,EGAN00001504110,SAMEA103909926,EGAR00001539838,EGAX00001496031,EGAS00001002346,ENA-CHECKLIST=ERC000026
PV836,EGAN00001504110,SAMEA103909926,EGAR00001539839,EGAX00001496032,EGAS00001002346,ENA-CHECKLIST=ERC000026
PV838,EGAN00001504111,SAMEA103909927,EGAR00001539840,EGAX00001496033,EGAS00001002346,ENA-CHECKLIST=ERC000026
PV838,EGAN00001504111,SAMEA103909927,EGAR00001539841,EGAX00001496034,EGAS00001002346,ENA-CHECKLIST=ERC000026
PV859,EGAN00001504112,SAMEA103909928,EGAR00001539842,EGAX00001496035,EGAS00001002346,ENA-CHECKLIST=ERC000026
PV859,EGAN00001504112,SAMEA103909928,EGAR00001539843,EGAX00001496036,EGAS00001002346,ENA-CHECKLIST=ERC000026
PV859,EGAN00001504112,SAMEA103909928,EGAR00001539844,EGAX00001496037,EGAS00001002346,ENA-CHECKLIST=ERC000026
PV865,EGAN00001504113,SAMEA103909929,EGAR00001539845,EGAX00001496038,EGAS00001002346,ENA-CHECKLIST=ERC000026
PV865,EGAN00001504113,SAMEA103909929,EGAR00001539846,EGAX00001496039,EGAS00001002346,ENA-CHECKLIST=ERC000026
PV866,EGAN00001504114,SAMEA103909930,EGAR00001539847,EGAX00001496040,EGAS00001002346,ENA-CHECKLIST=ERC000026
PV866,EGAN00001504114,SAMEA103909930,EGAR00001539848,EGAX00001496041,EGAS00001002346,ENA-CHECKLIST=ERC000026
PV868,EGAN00001504115,SAMEA103909931,EGAR00001539849,EGAX00001496042,EGAS00001002346,ENA-CHECKLIST=ERC000026
PV868,EGAN00001504115,SAMEA103909931,EGAR00001539850,EGAX00001496043,EGAS00001002346,ENA-CHECKLIST=ERC000026
PV868,EGAN00001504115,SAMEA103909931,EGAR00001539851,EGAX00001496044,EGAS00001002346,ENA-CHECKLIST=ERC000026
PV869,EGAN00001504116,SAMEA103909932,EGAR00001539852,EGAX00001496045,EGAS00001002346,ENA-CHECKLIST=ERC000026
PV869,EGAN00001504116,SAMEA103909932,EGAR00001539853,EGAX00001496046,EGAS00001002346,ENA-CHECKLIST=ERC000026
PV869,EGAN00001504116,SAMEA103909932,EGAR00001539854,EGAX00001496047,EGAS00001002346,ENA-CHECKLIST=ERC000026
PV870,EGAN00001504117,SAMEA103909933,EGAR00001539855,EGAX00001496048,EGAS00001002346,ENA-CHECKLIST=ERC000026
PV870,EGAN00001504117,SAMEA103909933,EGAR00001539856,EGAX00001496049,EGAS00001002346,ENA-CHECKLIST=ERC000026
PV870,EGAN00001504117,SAMEA103909933,EGAR00001539857,EGAX00001496050,EGAS00001002346,ENA-CHECKLIST=ERC000026
PV872,EGAN00001504118,SAMEA103909934,EGAR00001539858,EGAX00001496051,EGAS00001002346,ENA-CHECKLIST=ERC000026
PV872,EGAN00001504118,SAMEA103909934,EGAR00001539859,EGAX00001496052,EGAS00001002346,ENA-CHECKLIST=ERC000026
PV872,EGAN00001504118,SAMEA103909934,EGAR00001539860,EGAX00001496053,EGAS00001002346,ENA-CHECKLIST=ERC000026
PV873,EGAN00001504119,SAMEA103909935,EGAR00001539861,EGAX00001496054,EGAS00001002346,ENA-CHECKLIST=ERC000026
PV873,EGAN00001504119,SAMEA103909935,EGAR00001539862,EGAX00001496055,EGAS00001002346,ENA-CHECKLIST=ERC000026
PV875,EGAN00001504120,SAMEA103909936,EGAR00001539863,EGAX00001496056,EGAS00001002346,ENA-CHECKLIST=ERC000026
PV875,EGAN00001504120,SAMEA103909936,EGAR00001539864,EGAX00001496057,EGAS00001002346,ENA-CHECKLIST=ERC000026
PV881,EGAN00001504121,SAMEA103909937,EGAR00001539865,EGAX00001496058,EGAS00001002346,ENA-CHECKLIST=ERC000026
PV881,EGAN00001504121,SAMEA103909937,EGAR00001539866,EGAX00001496059,EGAS00001002346,ENA-CHECKLIST=ERC000026
PV886,EGAN00001504122,SAMEA103909938,EGAR00001539867,EGAX00001496060,EGAS00001002346,ENA-CHECKLIST=ERC000026
PV886,EGAN00001504122,SAMEA103909938,EGAR00001539868,EGAX00001496061,EGAS00001002346,ENA-CHECKLIST=ERC000026
PV889,EGAN00001504123,SAMEA103909939,EGAR00001539869,EGAX00001496062,EGAS00001002346,ENA-CHECKLIST=ERC000026
PV889,EGAN00001504123,SAMEA103909939,EGAR00001539870,EGAX00001496063,EGAS00001002346,ENA-CHECKLIST=ERC000026
PV898,EGAN00001504124,SAMEA103909940,EGAR00001539871,EGAX00001496064,EGAS00001002346,ENA-CHECKLIST=ERC000026
PV898,EGAN00001504124,SAMEA103909940,EGAR00001539872,EGAX00001496065,EGAS00001002346,ENA-CHECKLIST=ERC000026
PV906,EGAN00001504125,SAMEA103909941,EGAR00001539873,EGAX00001496066,EGAS00001002346,ENA-CHECKLIST=ERC000026
PV906,EGAN00001504125,SAMEA103909941,EGAR00001539874,EGAX00001496067,EGAS00001002346,ENA-CHECKLIST=ERC000026
PV908,EGAN00001504126,SAMEA103909942,EGAR00001539875,EGAX00001496068,EGAS00001002346,ENA-CHECKLIST=ERC000026
PV908,EGAN00001504126,SAMEA103909942,EGAR00001539876,EGAX00001496069,EGAS00001002346,ENA-CHECKLIST=ERC000026
PV910,EGAN00001504127,SAMEA103909943,EGAR00001539877,EGAX00001496070,EGAS00001002346,ENA-CHECKLIST=ERC000026
PV910,EGAN00001504127,SAMEA103909943,EGAR00001539878,EGAX00001496071,EGAS00001002346,ENA-CHECKLIST=ERC000026
PV912,EGAN00001504128,SAMEA103909944,EGAR00001539879,EGAX00001496072,EGAS00001002346,ENA-CHECKLIST=ERC000026
PV912,EGAN00001504128,SAMEA103909944,EGAR00001539880,EGAX00001496073,EGAS00001002346,ENA-CHECKLIST=ERC000026
PV912,EGAN00001504128,SAMEA103909944,EGAR00001539881,EGAX00001496074,EGAS00001002346,ENA-CHECKLIST=ERC000026
PV913,EGAN00001504129,SAMEA103909945,EGAR00001539882,EGAX00001496075,EGAS00001002346,ENA-CHECKLIST=ERC000026
PV913,EGAN00001504129,SAMEA103909945,EGAR00001539883,EGAX00001496076,EGAS00001002346,ENA-CHECKLIST=ERC000026
PV915,EGAN00001504130,SAMEA103909946,EGAR00001539884,EGAX00001496077,EGAS00001002346,ENA-CHECKLIST=ERC000026
PV915,EGAN00001504130,SAMEA103909946,EGAR00001539885,EGAX00001496078,EGAS00001002346,ENA-CHECKLIST=ERC000026
PV916,EGAN00001504131,SAMEA103909947,EGAR00001539886,EGAX00001496079,EGAS00001002346,ENA-CHECKLIST=ERC000026
PV916,EGAN00001504131,SAMEA103909947,EGAR00001539887,EGAX00001496080,EGAS00001002346,ENA-CHECKLIST=ERC000026
PV918,EGAN00001504132,SAMEA103909948,EGAR00001539888,EGAX00001496081,EGAS00001002346,ENA-CHECKLIST=ERC000026
PV918,EGAN00001504132,SAMEA103909948,EGAR00001539889,EGAX00001496082,EGAS00001002346,ENA-CHECKLIST=ERC000026
PV921,EGAN00001504133,SAMEA103909949,EGAR00001539890,EGAX00001496083,EGAS00001002346,ENA-CHECKLIST=ERC000026
PV921,EGAN00001504133,SAMEA103909949,EGAR00001539891,EGAX00001496084,EGAS00001002346,ENA-CHECKLIST=ERC000026
PV922,EGAN00001504134,SAMEA103909950,EGAR00001539892,EGAX00001496085,EGAS00001002346,ENA-CHECKLIST=ERC000026
PV922,EGAN00001504134,SAMEA103909950,EGAR00001539893,EGAX00001496086,EGAS00001002346,ENA-CHECKLIST=ERC000026
PV926,EGAN00001504135,SAMEA103909951,EGAR00001539894,EGAX00001496087,EGAS00001002346,ENA-CHECKLIST=ERC000026
PV926,EGAN00001504135,SAMEA103909951,EGAR00001539895,EGAX00001496088,EGAS00001002346,ENA-CHECKLIST=ERC000026
PV926,EGAN00001504135,SAMEA103909951,EGAR00001539896,EGAX00001496089,EGAS00001002346,ENA-CHECKLIST=ERC000026
PV926,EGAN00001504135,SAMEA103909951,EGAR00001539897,EGAX00001496090,EGAS00001002346,ENA-CHECKLIST=ERC000026
PV927,EGAN00001504136,SAMEA103909952,EGAR00001539898,EGAX00001496091,EGAS00001002346,ENA-CHECKLIST=ERC000026
PV928,EGAN00001504137,SAMEA103909953,EGAR00001539899,EGAX00001496092,EGAS00001002346,ENA-CHECKLIST=ERC000026
PV928,EGAN00001504137,SAMEA103909953,EGAR00001539900,EGAX00001496093,EGAS00001002346,ENA-CHECKLIST=ERC000026
PV929,EGAN00001504138,SAMEA103909954,EGAR00001539901,EGAX00001496094,EGAS00001002346,ENA-CHECKLIST=ERC000026
PV929,EGAN00001504138,SAMEA103909954,EGAR00001539902,EGAX00001496095,EGAS00001002346,ENA-CHECKLIST=ERC000026
PV929,EGAN00001504138,SAMEA103909954,EGAR00001539903,EGAX00001496096,EGAS00001002346,ENA-CHECKLIST=ERC000026
PV929,EGAN00001504138,SAMEA103909954,EGAR00001539904,EGAX00001496097,EGAS00001002346,ENA-CHECKLIST=ERC000026
PV932,EGAN00001504139,SAMEA103909955,EGAR00001539905,EGAX00001496098,EGAS00001002346,ENA-CHECKLIST=ERC000026
PV932,EGAN00001504139,SAMEA103909955,EGAR00001539906,EGAX00001496099,EGAS00001002346,ENA-CHECKLIST=ERC000026
PV934,EGAN00001504140,SAMEA103909956,EGAR00001539907,EGAX00001496100,EGAS00001002346,ENA-CHECKLIST=ERC000026
PV934,EGAN00001504140,SAMEA103909956,EGAR00001539908,EGAX00001496101,EGAS00001002346,ENA-CHECKLIST=ERC000026
PV934,EGAN00001504140,SAMEA103909956,EGAR00001539909,EGAX00001496102,EGAS00001002346,ENA-CHECKLIST=ERC000026
PV934,EGAN00001504140,SAMEA103909956,EGAR00001539910,EGAX00001496103,EGAS00001002346,ENA-CHECKLIST=ERC000026
PV937,EGAN00001504141,SAMEA103909957,EGAR00001539911,EGAX00001496104,EGAS00001002346,ENA-CHECKLIST=ERC000026
PV937,EGAN00001504141,SAMEA103909957,EGAR00001539912,EGAX00001496105,EGAS00001002346,ENA-CHECKLIST=ERC000026
PV951,EGAN00001504142,SAMEA103909958,EGAR00001539913,EGAX00001496106,EGAS00001002346,ENA-CHECKLIST=ERC000026
PV951,EGAN00001504142,SAMEA103909958,EGAR00001539914,EGAX00001496107,EGAS00001002346,ENA-CHECKLIST=ERC000026
PV952,EGAN00001504143,SAMEA103909959,EGAR00001539915,EGAX00001496108,EGAS00001002346,ENA-CHECKLIST=ERC000026
PV952,EGAN00001504143,SAMEA103909959,EGAR00001539916,EGAX00001496109,EGAS00001002346,ENA-CHECKLIST=ERC000026
PV954,EGAN00001504144,SAMEA103909960,EGAR00001539917,EGAX00001496110,EGAS00001002346,ENA-CHECKLIST=ERC000026
PV954,EGAN00001504144,SAMEA103909960,EGAR00001539918,EGAX00001496111,EGAS00001002346,ENA-CHECKLIST=ERC000026
PV957,EGAN00001504145,SAMEA103909961,EGAR00001539919,EGAX00001496112,EGAS00001002346,ENA-CHECKLIST=ERC000026
PV965,EGAN00001504146,SAMEA103909962,EGAR00001539920,EGAX00001496113,EGAS00001002346,ENA-CHECKLIST=ERC000026
PV965,EGAN00001504146,SAMEA103909962,EGAR00001539921,EGAX00001496114,EGAS00001002346,ENA-CHECKLIST=ERC000026
PV97,EGAN00001504147,SAMEA103909963,EGAR00001539929,EGAX00001496122,EGAS00001002346,ENA-CHECKLIST=ERC000026
PV97,EGAN00001504147,SAMEA103909963,EGAR00001539930,EGAX00001496123,EGAS00001002346,ENA-CHECKLIST=ERC000026
PV970,EGAN00001504148,SAMEA103909964,EGAR00001539922,EGAX00001496115,EGAS00001002346,ENA-CHECKLIST=ERC000026
PV970,EGAN00001504148,SAMEA103909964,EGAR00001539923,EGAX00001496116,EGAS00001002346,ENA-CHECKLIST=ERC000026
PV971,EGAN00001504149,SAMEA103909965,EGAR00001539924,EGAX00001496117,EGAS00001002346,ENA-CHECKLIST=ERC000026
PV971,EGAN00001504149,SAMEA103909965,EGAR00001539925,EGAX00001496118,EGAS00001002346,ENA-CHECKLIST=ERC000026
PV974,EGAN00001504150,SAMEA103909966,EGAR00001539926,EGAX00001496119,EGAS00001002346,ENA-CHECKLIST=ERC000026
PV974,EGAN00001504150,SAMEA103909966,EGAR00001539927,EGAX00001496120,EGAS00001002346,ENA-CHECKLIST=ERC000026
PV974,EGAN00001504150,SAMEA103909966,EGAR00001539928,EGAX00001496121,EGAS00001002346,ENA-CHECKLIST=ERC000026
PV982,EGAN00001504151,SAMEA103909967,EGAR00001539931,EGAX00001496124,EGAS00001002346,ENA-CHECKLIST=ERC000026
PV982,EGAN00001504151,SAMEA103909967,EGAR00001539932,EGAX00001496125,EGAS00001002346,ENA-CHECKLIST=ERC000026
PV983,EGAN00001504152,SAMEA103909968,EGAR00001539933,EGAX00001496126,EGAS00001002346,ENA-CHECKLIST=ERC000026
PV983,EGAN00001504152,SAMEA103909968,EGAR00001539934,EGAX00001496127,EGAS00001002346,ENA-CHECKLIST=ERC000026
PV990,EGAN00001504153,SAMEA103909969,EGAR00001539935,EGAX00001496128,EGAS00001002346,ENA-CHECKLIST=ERC000026
PV990,EGAN00001504153,SAMEA103909969,EGAR00001539936,EGAX00001496129,EGAS00001002346,ENA-CHECKLIST=ERC000026
PV991,EGAN00001504154,SAMEA103909970,EGAR00001539937,EGAX00001496130,EGAS00001002346,ENA-CHECKLIST=ERC000026
PV991,EGAN00001504154,SAMEA103909970,EGAR00001539938,EGAX00001496131,EGAS00001002346,ENA-CHECKLIST=ERC000026
PV993,EGAN00001504155,SAMEA103909971,EGAR00001539939,EGAX00001496132,EGAS00001002346,ENA-CHECKLIST=ERC000026
PV993,EGAN00001504155,SAMEA103909971,EGAR00001539940,EGAX00001496133,EGAS00001002346,ENA-CHECKLIST=ERC000026
PV993,EGAN00001504155,SAMEA103909971,EGAR00001539941,EGAX00001496134,EGAS00001002346,ENA-CHECKLIST=ERC000026
PV995,EGAN00001504156,SAMEA103909972,EGAR00001539942,EGAX00001496135,EGAS00001002346,ENA-CHECKLIST=ERC000026
PV995,EGAN00001504156,SAMEA103909972,EGAR00001539943,EGAX00001496136,EGAS00001002346,ENA-CHECKLIST=ERC000026
PV995,EGAN00001504156,SAMEA103909972,EGAR00001539944,EGAX00001496137,EGAS00001002346,ENA-CHECKLIST=ERC000026
PV995,EGAN00001504156,SAMEA103909972,EGAR00001539945,EGAX00001496138,EGAS00001002346,ENA-CHECKLIST=ERC000026
