accession_id,run_file_type,extra_attributes,sample_accession_id,experiment_accession_id,submission_accession_id,created_at,edited_at
EGAR00001539379,bam,,EGAN00001503897,EGAX00001495572,EGA00001326246,2017-03-11 14:01:28+01,2021-10-07 16:16:10+02
EGAR00001539380,bam,,EGAN00001503897,EGAX00001495573,EGA00001326246,2017-03-11 14:01:28+01,2021-10-07 16:16:10+02
EGAR00001539381,bam,,EGAN00001503898,EGAX00001495574,EGA00001326246,2017-03-11 14:01:28+01,2021-10-07 16:16:10+02
EGAR00001539382,bam,,EGAN00001503898,EGAX00001495575,EGA00001326246,2017-03-11 14:01:28+01,2021-10-07 16:16:10+02
EGAR00001539383,bam,,EGAN00001503899,EGAX00001495576,EGA00001326246,2017-03-11 14:01:28+01,2021-10-07 16:16:10+02
EGAR00001539384,bam,,EGAN00001503899,EGAX00001495577,EGA00001326246,2017-03-11 14:01:28+01,2021-10-07 16:16:10+02
EGAR00001539385,bam,,EGAN00001503900,EGAX00001495578,EGA00001326246,2017-03-11 14:01:28+01,2021-10-07 16:16:10+02
EGAR00001539386,bam,,EGAN00001503900,EGAX00001495579,EGA00001326246,2017-03-11 14:01:28+01,2021-10-07 16:16:10+02
EGAR00001539393,bam,,EGAN00001503904,EGAX00001495586,EGA00001326246,2017-03-11 14:01:28+01,2021-10-07 16:16:10+02
EGAR00001539394,bam,,EGAN00001503904,EGAX00001495587,EGA00001326246,2017-03-11 14:01:28+01,2021-10-07 16:16:10+02
EGAR00001539395,bam,,EGAN00001503905,EGAX00001495588,EGA00001326246,2017-03-11 14:01:28+01,2021-10-07 16:16:10+02
EGAR00001539396,bam,,EGAN00001503905,EGAX00001495589,EGA00001326246,2017-03-11 14:01:28+01,2021-10-07 16:16:10+02
EGAR00001539397,bam,,EGAN00001503905,EGAX00001495590,EGA00001326246,2017-03-11 14:01:28+01,2021-10-07 16:16:10+02
EGAR00001539398,bam,,EGAN00001503906,EGAX00001495591,EGA00001326246,2017-03-11 14:01:28+01,2021-10-07 16:16:10+02
EGAR00001539399,bam,,EGAN00001503906,EGAX00001495592,EGA00001326246,2017-03-11 14:01:28+01,2021-10-07 16:16:10+02
EGAR00001539400,bam,,EGAN00001503907,EGAX00001495593,EGA00001326246,2017-03-11 14:01:28+01,2021-10-07 16:16:10+02
EGAR00001539401,bam,,EGAN00001503907,EGAX00001495594,EGA00001326246,2017-03-11 14:01:28+01,2021-10-07 16:16:10+02
EGAR00001539402,bam,,EGAN00001503908,EGAX00001495595,EGA00001326246,2017-03-11 14:01:28+01,2021-10-07 16:16:10+02
EGAR00001539403,bam,,EGAN00001503908,EGAX00001495596,EGA00001326246,2017-03-11 14:01:28+01,2021-10-07 16:16:10+02
EGAR00001539404,bam,,EGAN00001503909,EGAX00001495597,EGA00001326246,2017-03-11 14:01:28+01,2021-10-07 16:16:10+02
EGAR00001539405,bam,,EGAN00001503909,EGAX00001495598,EGA00001326246,2017-03-11 14:01:28+01,2021-10-07 16:16:10+02
EGAR00001539406,bam,,EGAN00001503910,EGAX00001495599,EGA00001326246,2017-03-11 14:01:28+01,2021-10-07 16:16:10+02
EGAR00001539407,bam,,EGAN00001503910,EGAX00001495600,EGA00001326246,2017-03-11 14:01:28+01,2021-10-07 16:16:11+02
EGAR00001539408,bam,,EGAN00001503910,EGAX00001495601,EGA00001326246,2017-03-11 14:01:28+01,2021-10-07 16:16:11+02
EGAR00001539409,bam,,EGAN00001503911,EGAX00001495602,EGA00001326246,2017-03-11 14:01:28+01,2021-10-07 16:16:11+02
EGAR00001539410,bam,,EGAN00001503911,EGAX00001495603,EGA00001326246,2017-03-11 14:01:28+01,2021-10-07 16:16:11+02
EGAR00001539411,bam,,EGAN00001503911,EGAX00001495604,EGA00001326246,2017-03-11 14:01:28+01,2021-10-07 16:16:11+02
EGAR00001539412,bam,,EGAN00001503912,EGAX00001495605,EGA00001326246,2017-03-11 14:01:28+01,2021-10-07 16:16:11+02
EGAR00001539413,bam,,EGAN00001503912,EGAX00001495606,EGA00001326246,2017-03-11 14:01:28+01,2021-10-07 16:16:11+02
EGAR00001539414,bam,,EGAN00001503913,EGAX00001495607,EGA00001326246,2017-03-11 14:01:28+01,2021-10-07 16:16:11+02
EGAR00001539415,bam,,EGAN00001503913,EGAX00001495608,EGA00001326246,2017-03-11 14:01:28+01,2021-10-07 16:16:11+02
EGAR00001539416,bam,,EGAN00001503913,EGAX00001495609,EGA00001326246,2017-03-11 14:01:28+01,2021-10-07 16:16:11+02
EGAR00001539417,bam,,EGAN00001503914,EGAX00001495610,EGA00001326246,2017-03-11 14:01:28+01,2021-10-07 16:16:11+02
EGAR00001539418,bam,,EGAN00001503914,EGAX00001495611,EGA00001326246,2017-03-11 14:01:28+01,2021-10-07 16:16:11+02
EGAR00001539419,bam,,EGAN00001503915,EGAX00001495612,EGA00001326246,2017-03-11 14:01:28+01,2021-10-07 16:16:11+02
EGAR00001539420,bam,,EGAN00001503916,EGAX00001495613,EGA00001326246,2017-03-11 14:01:28+01,2021-10-07 16:16:11+02
EGAR00001539421,bam,,EGAN00001503916,EGAX00001495614,EGA00001326246,2017-03-11 14:01:28+01,2021-10-07 16:16:11+02
EGAR00001539422,bam,,EGAN00001503916,EGAX00001495615,EGA00001326246,2017-03-11 14:01:28+01,2021-10-07 16:16:11+02
EGAR00001539423,bam,,EGAN00001503916,EGAX00001495616,EGA00001326246,2017-03-11 14:01:28+01,2021-10-07 16:16:11+02
EGAR00001539424,bam,,EGAN00001503917,EGAX00001495617,EGA00001326246,2017-03-11 14:01:28+01,2021-10-07 16:16:11+02
EGAR00001539425,bam,,EGAN00001503917,EGAX00001495618,EGA00001326246,2017-03-11 14:01:29+01,2021-10-07 16:16:11+02
EGAR00001539426,bam,,EGAN00001503918,EGAX00001495619,EGA00001326246,2017-03-11 14:01:29+01,2021-10-07 16:16:11+02
EGAR00001539427,bam,,EGAN00001503918,EGAX00001495620,EGA00001326246,2017-03-11 14:01:29+01,2021-10-07 16:16:11+02
EGAR00001539428,bam,,EGAN00001503918,EGAX00001495621,EGA00001326246,2017-03-11 14:01:29+01,2021-10-07 16:16:11+02
EGAR00001539429,bam,,EGAN00001503919,EGAX00001495622,EGA00001326246,2017-03-11 14:01:29+01,2021-10-07 16:16:11+02
EGAR00001539430,bam,,EGAN00001503919,EGAX00001495623,EGA00001326246,2017-03-11 14:01:29+01,2021-10-07 16:16:11+02
EGAR00001539431,bam,,EGAN00001503919,EGAX00001495624,EGA00001326246,2017-03-11 14:01:29+01,2021-10-07 16:16:11+02
EGAR00001539432,bam,,EGAN00001503920,EGAX00001495625,EGA00001326246,2017-03-11 14:01:29+01,2021-10-07 16:16:11+02
EGAR00001539433,bam,,EGAN00001503920,EGAX00001495626,EGA00001326246,2017-03-11 14:01:29+01,2021-10-07 16:16:11+02
EGAR00001539434,bam,,EGAN00001503921,EGAX00001495627,EGA00001326246,2017-03-11 14:01:29+01,2021-10-07 16:16:11+02
EGAR00001539435,bam,,EGAN00001503921,EGAX00001495628,EGA00001326246,2017-03-11 14:01:29+01,2021-10-07 16:16:11+02
EGAR00001539436,bam,,EGAN00001503921,EGAX00001495629,EGA00001326246,2017-03-11 14:01:29+01,2021-10-07 16:16:11+02
EGAR00001539437,bam,,EGAN00001503922,EGAX00001495630,EGA00001326246,2017-03-11 14:01:29+01,2021-10-07 16:16:11+02
EGAR00001539438,bam,,EGAN00001503922,EGAX00001495631,EGA00001326246,2017-03-11 14:01:29+01,2021-10-07 16:16:11+02
EGAR00001539439,bam,,EGAN00001503922,EGAX00001495632,EGA00001326246,2017-03-11 14:01:29+01,2021-10-07 16:16:11+02
EGAR00001539440,bam,,EGAN00001503922,EGAX00001495633,EGA00001326246,2017-03-11 14:01:29+01,2021-10-07 16:16:11+02
EGAR00001539441,bam,,EGAN00001503923,EGAX00001495634,EGA00001326246,2017-03-11 14:01:29+01,2021-10-07 16:16:11+02
EGAR00001539442,bam,,EGAN00001503923,EGAX00001495635,EGA00001326246,2017-03-11 14:01:29+01,2021-10-07 16:16:11+02
EGAR00001539443,bam,,EGAN00001503924,EGAX00001495636,EGA00001326246,2017-03-11 14:01:29+01,2021-10-07 16:16:11+02
EGAR00001539444,bam,,EGAN00001503924,EGAX00001495637,EGA00001326246,2017-03-11 14:01:29+01,2021-10-07 16:16:11+02
EGAR00001539445,bam,,EGAN00001503925,EGAX00001495638,EGA00001326246,2017-03-11 14:01:29+01,2021-10-07 16:16:11+02
EGAR00001539446,bam,,EGAN00001503925,EGAX00001495639,EGA00001326246,2017-03-11 14:01:29+01,2021-10-07 16:16:11+02
EGAR00001539447,bam,,EGAN00001503926,EGAX00001495640,EGA00001326246,2017-03-11 14:01:29+01,2021-10-07 16:16:11+02
EGAR00001539448,bam,,EGAN00001503926,EGAX00001495641,EGA00001326246,2017-03-11 14:01:29+01,2021-10-07 16:16:11+02
EGAR00001539449,bam,,EGAN00001503927,EGAX00001495642,EGA00001326246,2017-03-11 14:01:29+01,2021-10-07 16:16:11+02
EGAR00001539450,bam,,EGAN00001503927,EGAX00001495643,EGA00001326246,2017-03-11 14:01:29+01,2021-10-07 16:16:11+02
EGAR00001539451,bam,,EGAN00001503928,EGAX00001495644,EGA00001326246,2017-03-11 14:01:29+01,2021-10-07 16:16:11+02
EGAR00001539452,bam,,EGAN00001503928,EGAX00001495645,EGA00001326246,2017-03-11 14:01:29+01,2021-10-07 16:16:11+02
EGAR00001539453,bam,,EGAN00001503928,EGAX00001495646,EGA00001326246,2017-03-11 14:01:29+01,2021-10-07 16:16:11+02
EGAR00001539455,bam,,EGAN00001503929,EGAX00001495648,EGA00001326246,2017-03-11 14:01:29+01,2021-10-07 16:16:11+02
EGAR00001539456,bam,,EGAN00001503929,EGAX00001495649,EGA00001326246,2017-03-11 14:01:29+01,2021-10-07 16:16:11+02
EGAR00001539457,bam,,EGAN00001503930,EGAX00001495650,EGA00001326246,2017-03-11 14:01:29+01,2021-10-07 16:16:11+02
EGAR00001539458,bam,,EGAN00001503930,EGAX00001495651,EGA00001326246,2017-03-11 14:01:29+01,2021-10-07 16:16:11+02
EGAR00001539460,bam,,EGAN00001503931,EGAX00001495653,EGA00001326246,2017-03-11 14:01:29+01,2021-10-07 16:16:11+02
EGAR00001539461,bam,,EGAN00001503931,EGAX00001495654,EGA00001326246,2017-03-11 14:01:29+01,2021-10-07 16:16:11+02
EGAR00001539463,bam,,EGAN00001503932,EGAX00001495656,EGA00001326246,2017-03-11 14:01:29+01,2021-10-07 16:16:11+02
EGAR00001539465,bam,,EGAN00001503933,EGAX00001495658,EGA00001326246,2017-03-11 14:01:29+01,2021-10-07 16:16:11+02
EGAR00001539467,bam,,EGAN00001503934,EGAX00001495660,EGA00001326246,2017-03-11 14:01:29+01,2021-10-07 16:16:11+02
EGAR00001539468,bam,,EGAN00001503935,EGAX00001495661,EGA00001326246,2017-03-11 14:01:29+01,2021-10-07 16:16:11+02
EGAR00001539469,bam,,EGAN00001503935,EGAX00001495662,EGA00001326246,2017-03-11 14:01:29+01,2021-10-07 16:16:11+02
EGAR00001539471,bam,,EGAN00001503936,EGAX00001495664,EGA00001326246,2017-03-11 14:01:29+01,2021-10-07 16:16:11+02
EGAR00001539472,bam,,EGAN00001503937,EGAX00001495665,EGA00001326246,2017-03-11 14:01:29+01,2021-10-07 16:16:11+02
EGAR00001539474,bam,,EGAN00001503938,EGAX00001495667,EGA00001326246,2017-03-11 14:01:29+01,2021-10-07 16:16:11+02
EGAR00001539475,bam,,EGAN00001503938,EGAX00001495668,EGA00001326246,2017-03-11 14:01:29+01,2021-10-07 16:16:11+02
EGAR00001539477,bam,,EGAN00001503939,EGAX00001495670,EGA00001326246,2017-03-11 14:01:29+01,2021-10-07 16:16:10+02
EGAR00001539479,bam,,EGAN00001503940,EGAX00001495672,EGA00001326246,2017-03-11 14:01:29+01,2021-10-07 16:16:10+02
EGAR00001539480,bam,,EGAN00001503941,EGAX00001495673,EGA00001326246,2017-03-11 14:01:29+01,2021-10-07 16:16:10+02
EGAR00001539481,bam,,EGAN00001503941,EGAX00001495674,EGA00001326246,2017-03-11 14:01:29+01,2021-10-07 16:16:10+02
EGAR00001539483,bam,,EGAN00001503942,EGAX00001495676,EGA00001326246,2017-03-11 14:01:29+01,2021-10-07 16:16:10+02
EGAR00001539485,bam,,EGAN00001503943,EGAX00001495678,EGA00001326246,2017-03-11 14:01:29+01,2021-10-07 16:16:10+02
EGAR00001539486,bam,,EGAN00001503943,EGAX00001495679,EGA00001326246,2017-03-11 14:01:29+01,2021-10-07 16:16:10+02
EGAR00001539487,bam,,EGAN00001503944,EGAX00001495680,EGA00001326246,2017-03-11 14:01:29+01,2021-10-07 16:16:10+02
EGAR00001539488,bam,,EGAN00001503944,EGAX00001495681,EGA00001326246,2017-03-11 14:01:29+01,2021-10-07 16:16:10+02
EGAR00001539490,bam,,EGAN00001503945,EGAX00001495683,EGA00001326246,2017-03-11 14:01:29+01,2021-10-07 16:16:10+02
EGAR00001539492,bam,,EGAN00001503946,EGAX00001495685,EGA00001326246,2017-03-11 14:01:29+01,2021-10-07 16:16:10+02
EGAR00001539493,bam,,EGAN00001503946,EGAX00001495686,EGA00001326246,2017-03-11 14:01:29+01,2021-10-07 16:16:10+02
EGAR00001539495,bam,,EGAN00001503947,EGAX00001495688,EGA00001326246,2017-03-11 14:01:29+01,2021-10-07 16:16:10+02
EGAR00001539497,bam,,EGAN00001503948,EGAX00001495690,EGA00001326246,2017-03-11 14:01:29+01,2021-10-07 16:16:10+02
EGAR00001539498,bam,,EGAN00001503949,EGAX00001495691,EGA00001326246,2017-03-11 14:01:29+01,2021-10-07 16:16:10+02
EGAR00001539499,bam,,EGAN00001503949,EGAX00001495692,EGA00001326246,2017-03-11 14:01:29+01,2021-10-07 16:16:10+02
EGAR00001539500,bam,,EGAN00001503950,EGAX00001495693,EGA00001326246,2017-03-11 14:01:29+01,2021-10-07 16:16:10+02
EGAR00001539501,bam,,EGAN00001503950,EGAX00001495694,EGA00001326246,2017-03-11 14:01:29+01,2021-10-07 16:16:10+02
EGAR00001539502,bam,,EGAN00001503951,EGAX00001495695,EGA00001326246,2017-03-11 14:01:29+01,2021-10-07 16:16:10+02
EGAR00001539503,bam,,EGAN00001503951,EGAX00001495696,EGA00001326246,2017-03-11 14:01:29+01,2021-10-07 16:16:10+02
EGAR00001539504,bam,,EGAN00001503953,EGAX00001495697,EGA00001326246,2017-03-11 14:01:29+01,2021-10-07 16:16:10+02
EGAR00001539505,bam,,EGAN00001503953,EGAX00001495698,EGA00001326246,2017-03-11 14:01:29+01,2021-10-07 16:16:10+02
EGAR00001539506,bam,,EGAN00001503954,EGAX00001495699,EGA00001326246,2017-03-11 14:01:29+01,2021-10-07 16:16:10+02
EGAR00001539507,bam,,EGAN00001503954,EGAX00001495700,EGA00001326246,2017-03-11 14:01:29+01,2021-10-07 16:16:10+02
EGAR00001539508,bam,,EGAN00001503954,EGAX00001495701,EGA00001326246,2017-03-11 14:01:29+01,2021-10-07 16:16:10+02
EGAR00001539509,bam,,EGAN00001503955,EGAX00001495702,EGA00001326246,2017-03-11 14:01:29+01,2021-10-07 16:16:10+02
EGAR00001539510,bam,,EGAN00001503955,EGAX00001495703,EGA00001326246,2017-03-11 14:01:29+01,2021-10-07 16:16:10+02
EGAR00001539511,bam,,EGAN00001503955,EGAX00001495704,EGA00001326246,2017-03-11 14:01:29+01,2021-10-07 16:16:10+02
EGAR00001539512,bam,,EGAN00001503952,EGAX00001495705,EGA00001326246,2017-03-11 14:01:29+01,2021-10-07 16:16:10+02
EGAR00001539513,bam,,EGAN00001503952,EGAX00001495706,EGA00001326246,2017-03-11 14:01:29+01,2021-10-07 16:16:10+02
EGAR00001539514,bam,,EGAN00001503952,EGAX00001495707,EGA00001326246,2017-03-11 14:01:29+01,2021-10-07 16:16:10+02
EGAR00001539515,bam,,EGAN00001503952,EGAX00001495708,EGA00001326246,2017-03-11 14:01:29+01,2021-10-07 16:16:10+02
EGAR00001539516,bam,,EGAN00001503956,EGAX00001495709,EGA00001326246,2017-03-11 14:01:29+01,2021-10-07 16:16:10+02
EGAR00001539517,bam,,EGAN00001503956,EGAX00001495710,EGA00001326246,2017-03-11 14:01:29+01,2021-10-07 16:16:10+02
EGAR00001539518,bam,,EGAN00001503957,EGAX00001495711,EGA00001326246,2017-03-11 14:01:29+01,2021-10-07 16:16:10+02
EGAR00001539519,bam,,EGAN00001503957,EGAX00001495712,EGA00001326246,2017-03-11 14:01:29+01,2021-10-07 16:16:10+02
EGAR00001539520,bam,,EGAN00001503958,EGAX00001495713,EGA00001326246,2017-03-11 14:01:29+01,2021-10-07 16:16:10+02
EGAR00001539521,bam,,EGAN00001503959,EGAX00001495714,EGA00001326246,2017-03-11 14:01:29+01,2021-10-07 16:16:10+02
EGAR00001539522,bam,,EGAN00001503959,EGAX00001495715,EGA00001326246,2017-03-11 14:01:29+01,2021-10-07 16:16:10+02
EGAR00001539523,bam,,EGAN00001503960,EGAX00001495716,EGA00001326246,2017-03-11 14:01:29+01,2021-10-07 16:16:10+02
EGAR00001539524,bam,,EGAN00001503962,EGAX00001495717,EGA00001326246,2017-03-11 14:01:29+01,2021-10-07 16:16:10+02
EGAR00001539525,bam,,EGAN00001503962,EGAX00001495718,EGA00001326246,2017-03-11 14:01:29+01,2021-10-07 16:16:10+02
EGAR00001539526,bam,,EGAN00001503963,EGAX00001495719,EGA00001326246,2017-03-11 14:01:29+01,2021-10-07 16:16:10+02
EGAR00001539527,bam,,EGAN00001503963,EGAX00001495720,EGA00001326246,2017-03-11 14:01:29+01,2021-10-07 16:16:10+02
EGAR00001539528,bam,,EGAN00001503964,EGAX00001495721,EGA00001326246,2017-03-11 14:01:29+01,2021-10-07 16:16:10+02
EGAR00001539529,bam,,EGAN00001503964,EGAX00001495722,EGA00001326246,2017-03-11 14:01:29+01,2021-10-07 16:16:10+02
EGAR00001539530,bam,,EGAN00001503961,EGAX00001495723,EGA00001326246,2017-03-11 14:01:29+01,2021-10-07 16:16:10+02
EGAR00001539531,bam,,EGAN00001503961,EGAX00001495724,EGA00001326246,2017-03-11 14:01:29+01,2021-10-07 16:16:10+02
EGAR00001539532,bam,,EGAN00001503965,EGAX00001495725,EGA00001326246,2017-03-11 14:01:29+01,2021-10-07 16:16:10+02
EGAR00001539533,bam,,EGAN00001503965,EGAX00001495726,EGA00001326246,2017-03-11 14:01:29+01,2021-10-07 16:16:10+02
EGAR00001539534,bam,,EGAN00001503965,EGAX00001495727,EGA00001326246,2017-03-11 14:01:29+01,2021-10-07 16:16:10+02
EGAR00001539535,bam,,EGAN00001503966,EGAX00001495728,EGA00001326246,2017-03-11 14:01:29+01,2021-10-07 16:16:10+02
EGAR00001539536,bam,,EGAN00001503966,EGAX00001495729,EGA00001326246,2017-03-11 14:01:29+01,2021-10-07 16:16:10+02
EGAR00001539537,bam,,EGAN00001503967,EGAX00001495730,EGA00001326246,2017-03-11 14:01:29+01,2021-10-07 16:16:10+02
EGAR00001539538,bam,,EGAN00001503967,EGAX00001495731,EGA00001326246,2017-03-11 14:01:29+01,2021-10-07 16:16:10+02
EGAR00001539539,bam,,EGAN00001503968,EGAX00001495732,EGA00001326246,2017-03-11 14:01:29+01,2021-10-07 16:16:10+02
EGAR00001539540,bam,,EGAN00001503968,EGAX00001495733,EGA00001326246,2017-03-11 14:01:29+01,2021-10-07 16:16:10+02
EGAR00001539541,bam,,EGAN00001503968,EGAX00001495734,EGA00001326246,2017-03-11 14:01:29+01,2021-10-07 16:16:10+02
EGAR00001539542,bam,,EGAN00001503969,EGAX00001495735,EGA00001326246,2017-03-11 14:01:29+01,2021-10-07 16:16:10+02
EGAR00001539543,bam,,EGAN00001503969,EGAX00001495736,EGA00001326246,2017-03-11 14:01:29+01,2021-10-07 16:16:10+02
EGAR00001539544,bam,,EGAN00001503970,EGAX00001495737,EGA00001326246,2017-03-11 14:01:29+01,2021-10-07 16:16:10+02
EGAR00001539545,bam,,EGAN00001503970,EGAX00001495738,EGA00001326246,2017-03-11 14:01:30+01,2021-10-07 16:16:10+02
EGAR00001539546,bam,,EGAN00001503971,EGAX00001495739,EGA00001326246,2017-03-11 14:01:30+01,2021-10-07 16:16:10+02
EGAR00001539547,bam,,EGAN00001503971,EGAX00001495740,EGA00001326246,2017-03-11 14:01:30+01,2021-10-07 16:16:10+02
EGAR00001539548,bam,,EGAN00001503972,EGAX00001495741,EGA00001326246,2017-03-11 14:01:30+01,2021-10-07 16:16:10+02
EGAR00001539549,bam,,EGAN00001503972,EGAX00001495742,EGA00001326246,2017-03-11 14:01:30+01,2021-10-07 16:16:10+02
EGAR00001539550,bam,,EGAN00001503973,EGAX00001495743,EGA00001326246,2017-03-11 14:01:30+01,2021-10-07 16:16:10+02
EGAR00001539551,bam,,EGAN00001503973,EGAX00001495744,EGA00001326246,2017-03-11 14:01:30+01,2021-10-07 16:16:10+02
EGAR00001539552,bam,,EGAN00001503974,EGAX00001495745,EGA00001326246,2017-03-11 14:01:30+01,2021-10-07 16:16:10+02
EGAR00001539553,bam,,EGAN00001503974,EGAX00001495746,EGA00001326246,2017-03-11 14:01:30+01,2021-10-07 16:16:10+02
EGAR00001539554,bam,,EGAN00001503975,EGAX00001495747,EGA00001326246,2017-03-11 14:01:30+01,2021-10-07 16:16:10+02
EGAR00001539555,bam,,EGAN00001503975,EGAX00001495748,EGA00001326246,2017-03-11 14:01:30+01,2021-10-07 16:16:10+02
EGAR00001539556,bam,,EGAN00001503975,EGAX00001495749,EGA00001326246,2017-03-11 14:01:30+01,2021-10-07 16:16:10+02
EGAR00001539557,bam,,EGAN00001503976,EGAX00001495750,EGA00001326246,2017-03-11 14:01:30+01,2021-10-07 16:16:10+02
EGAR00001539558,bam,,EGAN00001503976,EGAX00001495751,EGA00001326246,2017-03-11 14:01:30+01,2021-10-07 16:16:10+02
EGAR00001539559,bam,,EGAN00001503976,EGAX00001495752,EGA00001326246,2017-03-11 14:01:30+01,2021-10-07 16:16:10+02
EGAR00001539560,bam,,EGAN00001503977,EGAX00001495753,EGA00001326246,2017-03-11 14:01:30+01,2021-10-07 16:16:10+02
EGAR00001539561,bam,,EGAN00001503977,EGAX00001495754,EGA00001326246,2017-03-11 14:01:30+01,2021-10-07 16:16:10+02
EGAR00001539562,bam,,EGAN00001503978,EGAX00001495755,EGA00001326246,2017-03-11 14:01:30+01,2021-10-07 16:16:10+02
EGAR00001539563,bam,,EGAN00001503979,EGAX00001495756,EGA00001326246,2017-03-11 14:01:30+01,2021-10-07 16:16:10+02
EGAR00001539564,bam,,EGAN00001503980,EGAX00001495757,EGA00001326246,2017-03-11 14:01:30+01,2021-10-07 16:16:10+02
EGAR00001539565,bam,,EGAN00001503980,EGAX00001495758,EGA00001326246,2017-03-11 14:01:30+01,2021-10-07 16:16:10+02
EGAR00001539566,bam,,EGAN00001503981,EGAX00001495759,EGA00001326246,2017-03-11 14:01:30+01,2021-10-07 16:16:10+02
EGAR00001539567,bam,,EGAN00001503981,EGAX00001495760,EGA00001326246,2017-03-11 14:01:30+01,2021-10-07 16:16:10+02
EGAR00001539568,bam,,EGAN00001503982,EGAX00001495761,EGA00001326246,2017-03-11 14:01:30+01,2021-10-07 16:16:10+02
EGAR00001539569,bam,,EGAN00001503982,EGAX00001495762,EGA00001326246,2017-03-11 14:01:30+01,2021-10-07 16:16:10+02
EGAR00001539570,bam,,EGAN00001503983,EGAX00001495763,EGA00001326246,2017-03-11 14:01:30+01,2021-10-07 16:16:10+02
EGAR00001539571,bam,,EGAN00001503983,EGAX00001495764,EGA00001326246,2017-03-11 14:01:30+01,2021-10-07 16:16:10+02
EGAR00001539572,bam,,EGAN00001503984,EGAX00001495765,EGA00001326246,2017-03-11 14:01:30+01,2021-10-07 16:16:10+02
EGAR00001539573,bam,,EGAN00001503984,EGAX00001495766,EGA00001326246,2017-03-11 14:01:30+01,2021-10-07 16:16:10+02
EGAR00001539574,bam,,EGAN00001503985,EGAX00001495767,EGA00001326246,2017-03-11 14:01:30+01,2021-10-07 16:16:10+02
EGAR00001539575,bam,,EGAN00001503985,EGAX00001495768,EGA00001326246,2017-03-11 14:01:30+01,2021-10-07 16:16:10+02
EGAR00001539576,bam,,EGAN00001503986,EGAX00001495769,EGA00001326246,2017-03-11 14:01:30+01,2021-10-07 16:16:10+02
EGAR00001539577,bam,,EGAN00001503986,EGAX00001495770,EGA00001326246,2017-03-11 14:01:30+01,2021-10-07 16:16:10+02
EGAR00001539578,bam,,EGAN00001503987,EGAX00001495771,EGA00001326246,2017-03-11 14:01:30+01,2021-10-07 16:16:10+02
EGAR00001539579,bam,,EGAN00001503987,EGAX00001495772,EGA00001326246,2017-03-11 14:01:30+01,2021-10-07 16:16:10+02
EGAR00001539580,bam,,EGAN00001503988,EGAX00001495773,EGA00001326246,2017-03-11 14:01:30+01,2021-10-07 16:16:10+02
EGAR00001539581,bam,,EGAN00001503988,EGAX00001495774,EGA00001326246,2017-03-11 14:01:30+01,2021-10-07 16:16:10+02
EGAR00001539582,bam,,EGAN00001503989,EGAX00001495775,EGA00001326246,2017-03-11 14:01:30+01,2021-10-07 16:16:10+02
EGAR00001539583,bam,,EGAN00001503989,EGAX00001495776,EGA00001326246,2017-03-11 14:01:30+01,2021-10-07 16:16:10+02
EGAR00001539584,bam,,EGAN00001503990,EGAX00001495777,EGA00001326246,2017-03-11 14:01:30+01,2021-10-07 16:16:10+02
EGAR00001539585,bam,,EGAN00001503990,EGAX00001495778,EGA00001326246,2017-03-11 14:01:30+01,2021-10-07 16:16:10+02
EGAR00001539586,bam,,EGAN00001503991,EGAX00001495779,EGA00001326246,2017-03-11 14:01:30+01,2021-10-07 16:16:10+02
EGAR00001539587,bam,,EGAN00001503991,EGAX00001495780,EGA00001326246,2017-03-11 14:01:30+01,2021-10-07 16:16:10+02
EGAR00001539588,bam,,EGAN00001503992,EGAX00001495781,EGA00001326246,2017-03-11 14:01:30+01,2021-10-07 16:16:10+02
EGAR00001539589,bam,,EGAN00001503993,EGAX00001495782,EGA00001326246,2017-03-11 14:01:30+01,2021-10-07 16:16:10+02
EGAR00001539590,bam,,EGAN00001503993,EGAX00001495783,EGA00001326246,2017-03-11 14:01:30+01,2021-10-07 16:16:10+02
EGAR00001539591,bam,,EGAN00001503994,EGAX00001495784,EGA00001326246,2017-03-11 14:01:30+01,2021-10-07 16:16:10+02
EGAR00001539592,bam,,EGAN00001503995,EGAX00001495785,EGA00001326246,2017-03-11 14:01:30+01,2021-10-07 16:16:10+02
EGAR00001539593,bam,,EGAN00001503995,EGAX00001495786,EGA00001326246,2017-03-11 14:01:30+01,2021-10-07 16:16:10+02
EGAR00001539594,bam,,EGAN00001503995,EGAX00001495787,EGA00001326246,2017-03-11 14:01:30+01,2021-10-07 16:16:10+02
EGAR00001539595,bam,,EGAN00001503996,EGAX00001495788,EGA00001326246,2017-03-11 14:01:30+01,2021-10-07 16:16:10+02
EGAR00001539596,bam,,EGAN00001503996,EGAX00001495789,EGA00001326246,2017-03-11 14:01:30+01,2021-10-07 16:16:10+02
EGAR00001539597,bam,,EGAN00001503997,EGAX00001495790,EGA00001326246,2017-03-11 14:01:30+01,2021-10-07 16:16:10+02
EGAR00001539598,bam,,EGAN00001503997,EGAX00001495791,EGA00001326246,2017-03-11 14:01:30+01,2021-10-07 16:16:10+02
EGAR00001539599,bam,,EGAN00001503998,EGAX00001495792,EGA00001326246,2017-03-11 14:01:30+01,2021-10-07 16:16:10+02
EGAR00001539600,bam,,EGAN00001503999,EGAX00001495793,EGA00001326246,2017-03-11 14:01:30+01,2021-10-07 16:16:10+02
EGAR00001539601,bam,,EGAN00001503999,EGAX00001495794,EGA00001326246,2017-03-11 14:01:30+01,2021-10-07 16:16:10+02
EGAR00001539602,bam,,EGAN00001504000,EGAX00001495795,EGA00001326246,2017-03-11 14:01:30+01,2021-10-07 16:16:10+02
EGAR00001539603,bam,,EGAN00001504000,EGAX00001495796,EGA00001326246,2017-03-11 14:01:30+01,2021-10-07 16:16:10+02
EGAR00001539604,bam,,EGAN00001504001,EGAX00001495797,EGA00001326246,2017-03-11 14:01:30+01,2021-10-07 16:16:10+02
EGAR00001539605,bam,,EGAN00001504001,EGAX00001495798,EGA00001326246,2017-03-11 14:01:30+01,2021-10-07 16:16:10+02
EGAR00001539606,bam,,EGAN00001504002,EGAX00001495799,EGA00001326246,2017-03-11 14:01:30+01,2021-10-07 16:16:10+02
EGAR00001539607,bam,,EGAN00001504002,EGAX00001495800,EGA00001326246,2017-03-11 14:01:30+01,2021-10-07 16:16:10+02
EGAR00001539608,bam,,EGAN00001504003,EGAX00001495801,EGA00001326246,2017-03-11 14:01:30+01,2021-10-07 16:16:10+02
EGAR00001539609,bam,,EGAN00001504004,EGAX00001495802,EGA00001326246,2017-03-11 14:01:30+01,2021-10-07 16:16:10+02
EGAR00001539610,bam,,EGAN00001504005,EGAX00001495803,EGA00001326246,2017-03-11 14:01:30+01,2021-10-07 16:16:10+02
EGAR00001539611,bam,,EGAN00001504005,EGAX00001495804,EGA00001326246,2017-03-11 14:01:30+01,2021-10-07 16:16:10+02
EGAR00001539612,bam,,EGAN00001504006,EGAX00001495805,EGA00001326246,2017-03-11 14:01:30+01,2021-10-07 16:16:10+02
EGAR00001539613,bam,,EGAN00001504006,EGAX00001495806,EGA00001326246,2017-03-11 14:01:30+01,2021-10-07 16:16:10+02
EGAR00001539614,bam,,EGAN00001504006,EGAX00001495807,EGA00001326246,2017-03-11 14:01:30+01,2021-10-07 16:16:10+02
EGAR00001539615,bam,,EGAN00001504007,EGAX00001495808,EGA00001326246,2017-03-11 14:01:30+01,2021-10-07 16:16:10+02
EGAR00001539616,bam,,EGAN00001504007,EGAX00001495809,EGA00001326246,2017-03-11 14:01:30+01,2021-10-07 16:16:10+02
EGAR00001539617,bam,,EGAN00001504008,EGAX00001495810,EGA00001326246,2017-03-11 14:01:30+01,2021-10-07 16:16:10+02
EGAR00001539618,bam,,EGAN00001504008,EGAX00001495811,EGA00001326246,2017-03-11 14:01:30+01,2021-10-07 16:16:10+02
EGAR00001539619,bam,,EGAN00001504009,EGAX00001495812,EGA00001326246,2017-03-11 14:01:30+01,2021-10-07 16:16:10+02
EGAR00001539620,bam,,EGAN00001504009,EGAX00001495813,EGA00001326246,2017-03-11 14:01:30+01,2021-10-07 16:16:10+02
EGAR00001539621,bam,,EGAN00001504010,EGAX00001495814,EGA00001326246,2017-03-11 14:01:30+01,2021-10-07 16:16:10+02
EGAR00001539622,bam,,EGAN00001504011,EGAX00001495815,EGA00001326246,2017-03-11 14:01:30+01,2021-10-07 16:16:10+02
EGAR00001539623,bam,,EGAN00001504012,EGAX00001495816,EGA00001326246,2017-03-11 14:01:30+01,2021-10-07 16:16:10+02
EGAR00001539624,bam,,EGAN00001504012,EGAX00001495817,EGA00001326246,2017-03-11 14:01:30+01,2021-10-07 16:16:10+02
EGAR00001539625,bam,,EGAN00001504013,EGAX00001495818,EGA00001326246,2017-03-11 14:01:30+01,2021-10-07 16:16:10+02
EGAR00001539626,bam,,EGAN00001504013,EGAX00001495819,EGA00001326246,2017-03-11 14:01:30+01,2021-10-07 16:16:10+02
EGAR00001539627,bam,,EGAN00001504014,EGAX00001495820,EGA00001326246,2017-03-11 14:01:30+01,2021-10-07 16:16:10+02
EGAR00001539628,bam,,EGAN00001504015,EGAX00001495821,EGA00001326246,2017-03-11 14:01:30+01,2021-10-07 16:16:10+02
EGAR00001539629,bam,,EGAN00001504015,EGAX00001495822,EGA00001326246,2017-03-11 14:01:30+01,2021-10-07 16:16:10+02
EGAR00001539630,bam,,EGAN00001504016,EGAX00001495823,EGA00001326246,2017-03-11 14:01:30+01,2021-10-07 16:16:10+02
EGAR00001539631,bam,,EGAN00001504016,EGAX00001495824,EGA00001326246,2017-03-11 14:01:30+01,2021-10-07 16:16:10+02
EGAR00001539632,bam,,EGAN00001504017,EGAX00001495825,EGA00001326246,2017-03-11 14:01:30+01,2021-10-07 16:16:10+02
EGAR00001539633,bam,,EGAN00001504017,EGAX00001495826,EGA00001326246,2017-03-11 14:01:30+01,2021-10-07 16:16:10+02
EGAR00001539634,bam,,EGAN00001504018,EGAX00001495827,EGA00001326246,2017-03-11 14:01:30+01,2021-10-07 16:16:10+02
EGAR00001539635,bam,,EGAN00001504018,EGAX00001495828,EGA00001326246,2017-03-11 14:01:30+01,2021-10-07 16:16:10+02
EGAR00001539636,bam,,EGAN00001504018,EGAX00001495829,EGA00001326246,2017-03-11 14:01:30+01,2021-10-07 16:16:10+02
EGAR00001539637,bam,,EGAN00001504019,EGAX00001495830,EGA00001326246,2017-03-11 14:01:30+01,2021-10-07 16:16:10+02
EGAR00001539638,bam,,EGAN00001504020,EGAX00001495831,EGA00001326246,2017-03-11 14:01:30+01,2021-10-07 16:16:10+02
EGAR00001539639,bam,,EGAN00001504020,EGAX00001495832,EGA00001326246,2017-03-11 14:01:30+01,2021-10-07 16:16:10+02
EGAR00001539640,bam,,EGAN00001504020,EGAX00001495833,EGA00001326246,2017-03-11 14:01:30+01,2021-10-07 16:16:10+02
EGAR00001539641,bam,,EGAN00001504021,EGAX00001495834,EGA00001326246,2017-03-11 14:01:30+01,2021-10-07 16:16:10+02
EGAR00001539642,bam,,EGAN00001504021,EGAX00001495835,EGA00001326246,2017-03-11 14:01:30+01,2021-10-07 16:16:10+02
EGAR00001539643,bam,,EGAN00001504022,EGAX00001495836,EGA00001326246,2017-03-11 14:01:30+01,2021-10-07 16:16:10+02
EGAR00001539644,bam,,EGAN00001504022,EGAX00001495837,EGA00001326246,2017-03-11 14:01:30+01,2021-10-07 16:16:10+02
EGAR00001539645,bam,,EGAN00001504023,EGAX00001495838,EGA00001326246,2017-03-11 14:01:30+01,2021-10-07 16:16:10+02
EGAR00001539646,bam,,EGAN00001504023,EGAX00001495839,EGA00001326246,2017-03-11 14:01:30+01,2021-10-07 16:16:10+02
EGAR00001539647,bam,,EGAN00001504024,EGAX00001495840,EGA00001326246,2017-03-11 14:01:30+01,2021-10-07 16:16:10+02
EGAR00001539648,bam,,EGAN00001504024,EGAX00001495841,EGA00001326246,2017-03-11 14:01:30+01,2021-10-07 16:16:10+02
EGAR00001539649,bam,,EGAN00001504025,EGAX00001495842,EGA00001326246,2017-03-11 14:01:30+01,2021-10-07 16:16:10+02
EGAR00001539650,bam,,EGAN00001504025,EGAX00001495843,EGA00001326246,2017-03-11 14:01:30+01,2021-10-07 16:16:10+02
EGAR00001539651,bam,,EGAN00001504026,EGAX00001495844,EGA00001326246,2017-03-11 14:01:30+01,2021-10-07 16:16:10+02
EGAR00001539652,bam,,EGAN00001504026,EGAX00001495845,EGA00001326246,2017-03-11 14:01:30+01,2021-10-07 16:16:10+02
EGAR00001539653,bam,,EGAN00001504027,EGAX00001495846,EGA00001326246,2017-03-11 14:01:30+01,2021-10-07 16:16:10+02
EGAR00001539654,bam,,EGAN00001504028,EGAX00001495847,EGA00001326246,2017-03-11 14:01:30+01,2021-10-07 16:16:10+02
EGAR00001539655,bam,,EGAN00001504028,EGAX00001495848,EGA00001326246,2017-03-11 14:01:30+01,2021-10-07 16:16:10+02
EGAR00001539656,bam,,EGAN00001504029,EGAX00001495849,EGA00001326246,2017-03-11 14:01:30+01,2021-10-07 16:16:10+02
EGAR00001539657,bam,,EGAN00001504029,EGAX00001495850,EGA00001326246,2017-03-11 14:01:30+01,2021-10-07 16:16:10+02
EGAR00001539658,bam,,EGAN00001504030,EGAX00001495851,EGA00001326246,2017-03-11 14:01:30+01,2021-10-07 16:16:10+02
EGAR00001539659,bam,,EGAN00001504030,EGAX00001495852,EGA00001326246,2017-03-11 14:01:30+01,2021-10-07 16:16:10+02
EGAR00001539660,bam,,EGAN00001504031,EGAX00001495853,EGA00001326246,2017-03-11 14:01:30+01,2021-10-07 16:16:10+02
EGAR00001539661,bam,,EGAN00001504031,EGAX00001495854,EGA00001326246,2017-03-11 14:01:30+01,2021-10-07 16:16:10+02
EGAR00001539662,bam,,EGAN00001504032,EGAX00001495855,EGA00001326246,2017-03-11 14:01:30+01,2021-10-07 16:16:10+02
EGAR00001539663,bam,,EGAN00001504033,EGAX00001495856,EGA00001326246,2017-03-11 14:01:30+01,2021-10-07 16:16:10+02
EGAR00001539664,bam,,EGAN00001504034,EGAX00001495857,EGA00001326246,2017-03-11 14:01:30+01,2021-10-07 16:16:10+02
EGAR00001539665,bam,,EGAN00001504035,EGAX00001495858,EGA00001326246,2017-03-11 14:01:30+01,2021-10-07 16:16:10+02
EGAR00001539666,bam,,EGAN00001504036,EGAX00001495859,EGA00001326246,2017-03-11 14:01:30+01,2021-10-07 16:16:10+02
EGAR00001539667,bam,,EGAN00001504037,EGAX00001495860,EGA00001326246,2017-03-11 14:01:30+01,2021-10-07 16:16:10+02
EGAR00001539668,bam,,EGAN00001504038,EGAX00001495861,EGA00001326246,2017-03-11 14:01:30+01,2021-10-07 16:16:10+02
EGAR00001539669,bam,,EGAN00001504038,EGAX00001495862,EGA00001326246,2017-03-11 14:01:30+01,2021-10-07 16:16:10+02
EGAR00001539670,bam,,EGAN00001504039,EGAX00001495863,EGA00001326246,2017-03-11 14:01:30+01,2021-10-07 16:16:10+02
EGAR00001539671,bam,,EGAN00001504040,EGAX00001495864,EGA00001326246,2017-03-11 14:01:31+01,2021-10-07 16:16:10+02
EGAR00001539672,bam,,EGAN00001504041,EGAX00001495865,EGA00001326246,2017-03-11 14:01:31+01,2021-10-07 16:16:10+02
EGAR00001539673,bam,,EGAN00001504041,EGAX00001495866,EGA00001326246,2017-03-11 14:01:31+01,2021-10-07 16:16:10+02
EGAR00001539674,bam,,EGAN00001504041,EGAX00001495867,EGA00001326246,2017-03-11 14:01:31+01,2021-10-07 16:16:10+02
EGAR00001539675,bam,,EGAN00001504042,EGAX00001495868,EGA00001326246,2017-03-11 14:01:31+01,2021-10-07 16:16:10+02
EGAR00001539676,bam,,EGAN00001504042,EGAX00001495869,EGA00001326246,2017-03-11 14:01:31+01,2021-10-07 16:16:10+02
EGAR00001539677,bam,,EGAN00001504043,EGAX00001495870,EGA00001326246,2017-03-11 14:01:31+01,2021-10-07 16:16:10+02
EGAR00001539678,bam,,EGAN00001504044,EGAX00001495871,EGA00001326246,2017-03-11 14:01:31+01,2021-10-07 16:16:10+02
EGAR00001539679,bam,,EGAN00001504044,EGAX00001495872,EGA00001326246,2017-03-11 14:01:31+01,2021-10-07 16:16:10+02
EGAR00001539680,bam,,EGAN00001504045,EGAX00001495873,EGA00001326246,2017-03-11 14:01:31+01,2021-10-07 16:16:10+02
EGAR00001539681,bam,,EGAN00001504045,EGAX00001495874,EGA00001326246,2017-03-11 14:01:31+01,2021-10-07 16:16:10+02
EGAR00001539682,bam,,EGAN00001504046,EGAX00001495875,EGA00001326246,2017-03-11 14:01:31+01,2021-10-07 16:16:10+02
EGAR00001539683,bam,,EGAN00001504046,EGAX00001495876,EGA00001326246,2017-03-11 14:01:31+01,2021-10-07 16:16:10+02
EGAR00001539684,bam,,EGAN00001504047,EGAX00001495877,EGA00001326246,2017-03-11 14:01:31+01,2021-10-07 16:16:10+02
EGAR00001539685,bam,,EGAN00001504047,EGAX00001495878,EGA00001326246,2017-03-11 14:01:31+01,2021-10-07 16:16:10+02
EGAR00001539686,bam,,EGAN00001504047,EGAX00001495879,EGA00001326246,2017-03-11 14:01:31+01,2021-10-07 16:16:10+02
EGAR00001539687,bam,,EGAN00001504048,EGAX00001495880,EGA00001326246,2017-03-11 14:01:31+01,2021-10-07 16:16:10+02
EGAR00001539688,bam,,EGAN00001504048,EGAX00001495881,EGA00001326246,2017-03-11 14:01:31+01,2021-10-07 16:16:10+02
EGAR00001539689,bam,,EGAN00001504049,EGAX00001495882,EGA00001326246,2017-03-11 14:01:31+01,2021-10-07 16:16:10+02
EGAR00001539690,bam,,EGAN00001504049,EGAX00001495883,EGA00001326246,2017-03-11 14:01:31+01,2021-10-07 16:16:10+02
EGAR00001539691,bam,,EGAN00001504050,EGAX00001495884,EGA00001326246,2017-03-11 14:01:31+01,2021-10-07 16:16:10+02
EGAR00001539692,bam,,EGAN00001504050,EGAX00001495885,EGA00001326246,2017-03-11 14:01:31+01,2021-10-07 16:16:10+02
EGAR00001539693,bam,,EGAN00001504050,EGAX00001495886,EGA00001326246,2017-03-11 14:01:31+01,2021-10-07 16:16:10+02
EGAR00001539694,bam,,EGAN00001504051,EGAX00001495887,EGA00001326246,2017-03-11 14:01:31+01,2021-10-07 16:16:10+02
EGAR00001539695,bam,,EGAN00001504051,EGAX00001495888,EGA00001326246,2017-03-11 14:01:31+01,2021-10-07 16:16:10+02
EGAR00001539696,bam,,EGAN00001504052,EGAX00001495889,EGA00001326246,2017-03-11 14:01:31+01,2021-10-07 16:16:10+02
EGAR00001539697,bam,,EGAN00001504052,EGAX00001495890,EGA00001326246,2017-03-11 14:01:31+01,2021-10-07 16:16:10+02
EGAR00001539698,bam,,EGAN00001504052,EGAX00001495891,EGA00001326246,2017-03-11 14:01:31+01,2021-10-07 16:16:10+02
EGAR00001539699,bam,,EGAN00001504052,EGAX00001495892,EGA00001326246,2017-03-11 14:01:31+01,2021-10-07 16:16:10+02
EGAR00001539700,bam,,EGAN00001504052,EGAX00001495893,EGA00001326246,2017-03-11 14:01:31+01,2021-10-07 16:16:10+02
EGAR00001539701,bam,,EGAN00001504053,EGAX00001495894,EGA00001326246,2017-03-11 14:01:31+01,2021-10-07 16:16:10+02
EGAR00001539702,bam,,EGAN00001504053,EGAX00001495895,EGA00001326246,2017-03-11 14:01:31+01,2021-10-07 16:16:10+02
EGAR00001539703,bam,,EGAN00001504054,EGAX00001495896,EGA00001326246,2017-03-11 14:01:31+01,2021-10-07 16:16:10+02
EGAR00001539704,bam,,EGAN00001504054,EGAX00001495897,EGA00001326246,2017-03-11 14:01:31+01,2021-10-07 16:16:10+02
EGAR00001539705,bam,,EGAN00001504055,EGAX00001495898,EGA00001326246,2017-03-11 14:01:31+01,2021-10-07 16:16:10+02
EGAR00001539706,bam,,EGAN00001504055,EGAX00001495899,EGA00001326246,2017-03-11 14:01:31+01,2021-10-07 16:16:10+02
EGAR00001539707,bam,,EGAN00001504055,EGAX00001495900,EGA00001326246,2017-03-11 14:01:31+01,2021-10-07 16:16:10+02
EGAR00001539708,bam,,EGAN00001504056,EGAX00001495901,EGA00001326246,2017-03-11 14:01:31+01,2021-10-07 16:16:10+02
EGAR00001539709,bam,,EGAN00001504056,EGAX00001495902,EGA00001326246,2017-03-11 14:01:31+01,2021-10-07 16:16:10+02
EGAR00001539710,bam,,EGAN00001504056,EGAX00001495903,EGA00001326246,2017-03-11 14:01:31+01,2021-10-07 16:16:10+02
EGAR00001539711,bam,,EGAN00001504057,EGAX00001495904,EGA00001326246,2017-03-11 14:01:31+01,2021-10-07 16:16:10+02
EGAR00001539712,bam,,EGAN00001504057,EGAX00001495905,EGA00001326246,2017-03-11 14:01:31+01,2021-10-07 16:16:10+02
EGAR00001539713,bam,,EGAN00001504057,EGAX00001495906,EGA00001326246,2017-03-11 14:01:31+01,2021-10-07 16:16:10+02
EGAR00001539714,bam,,EGAN00001504058,EGAX00001495907,EGA00001326246,2017-03-11 14:01:31+01,2021-10-07 16:16:10+02
EGAR00001539715,bam,,EGAN00001504058,EGAX00001495908,EGA00001326246,2017-03-11 14:01:31+01,2021-10-07 16:16:10+02
EGAR00001539716,bam,,EGAN00001504059,EGAX00001495909,EGA00001326246,2017-03-11 14:01:31+01,2021-10-07 16:16:10+02
EGAR00001539717,bam,,EGAN00001504059,EGAX00001495910,EGA00001326246,2017-03-11 14:01:31+01,2021-10-07 16:16:10+02
EGAR00001539718,bam,,EGAN00001504060,EGAX00001495911,EGA00001326246,2017-03-11 14:01:31+01,2021-10-07 16:16:10+02
EGAR00001539719,bam,,EGAN00001504060,EGAX00001495912,EGA00001326246,2017-03-11 14:01:31+01,2021-10-07 16:16:10+02
EGAR00001539720,bam,,EGAN00001504061,EGAX00001495913,EGA00001326246,2017-03-11 14:01:31+01,2021-10-07 16:16:10+02
EGAR00001539721,bam,,EGAN00001504061,EGAX00001495914,EGA00001326246,2017-03-11 14:01:31+01,2021-10-07 16:16:10+02
EGAR00001539722,bam,,EGAN00001504061,EGAX00001495915,EGA00001326246,2017-03-11 14:01:31+01,2021-10-07 16:16:10+02
EGAR00001539723,bam,,EGAN00001504062,EGAX00001495916,EGA00001326246,2017-03-11 14:01:31+01,2021-10-07 16:16:10+02
EGAR00001539724,bam,,EGAN00001504062,EGAX00001495917,EGA00001326246,2017-03-11 14:01:31+01,2021-10-07 16:16:10+02
EGAR00001539725,bam,,EGAN00001504063,EGAX00001495918,EGA00001326246,2017-03-11 14:01:31+01,2021-10-07 16:16:10+02
EGAR00001539726,bam,,EGAN00001504063,EGAX00001495919,EGA00001326246,2017-03-11 14:01:31+01,2021-10-07 16:16:10+02
EGAR00001539727,bam,,EGAN00001504064,EGAX00001495920,EGA00001326246,2017-03-11 14:01:31+01,2021-10-07 16:16:10+02
EGAR00001539728,bam,,EGAN00001504064,EGAX00001495921,EGA00001326246,2017-03-11 14:01:31+01,2021-10-07 16:16:10+02
EGAR00001539729,bam,,EGAN00001504065,EGAX00001495922,EGA00001326246,2017-03-11 14:01:31+01,2021-10-07 16:16:10+02
EGAR00001539730,bam,,EGAN00001504065,EGAX00001495923,EGA00001326246,2017-03-11 14:01:31+01,2021-10-07 16:16:10+02
EGAR00001539731,bam,,EGAN00001504065,EGAX00001495924,EGA00001326246,2017-03-11 14:01:31+01,2021-10-07 16:16:10+02
EGAR00001539732,bam,,EGAN00001504066,EGAX00001495925,EGA00001326246,2017-03-11 14:01:31+01,2021-10-07 16:16:10+02
EGAR00001539733,bam,,EGAN00001504066,EGAX00001495926,EGA00001326246,2017-03-11 14:01:31+01,2021-10-07 16:16:10+02
EGAR00001539734,bam,,EGAN00001504066,EGAX00001495927,EGA00001326246,2017-03-11 14:01:31+01,2021-10-07 16:16:10+02
EGAR00001539735,bam,,EGAN00001504067,EGAX00001495928,EGA00001326246,2017-03-11 14:01:31+01,2021-10-07 16:16:10+02
EGAR00001539736,bam,,EGAN00001504067,EGAX00001495929,EGA00001326246,2017-03-11 14:01:31+01,2021-10-07 16:16:10+02
EGAR00001539737,bam,,EGAN00001504068,EGAX00001495930,EGA00001326246,2017-03-11 14:01:31+01,2021-10-07 16:16:10+02
EGAR00001539738,bam,,EGAN00001504068,EGAX00001495931,EGA00001326246,2017-03-11 14:01:31+01,2021-10-07 16:16:10+02
EGAR00001539739,bam,,EGAN00001504068,EGAX00001495932,EGA00001326246,2017-03-11 14:01:31+01,2021-10-07 16:16:10+02
EGAR00001539740,bam,,EGAN00001504068,EGAX00001495933,EGA00001326246,2017-03-11 14:01:31+01,2021-10-07 16:16:10+02
EGAR00001539741,bam,,EGAN00001504069,EGAX00001495934,EGA00001326246,2017-03-11 14:01:31+01,2021-10-07 16:16:10+02
EGAR00001539742,bam,,EGAN00001504069,EGAX00001495935,EGA00001326246,2017-03-11 14:01:31+01,2021-10-07 16:16:10+02
EGAR00001539743,bam,,EGAN00001504070,EGAX00001495936,EGA00001326246,2017-03-11 14:01:31+01,2021-10-07 16:16:10+02
EGAR00001539744,bam,,EGAN00001504070,EGAX00001495937,EGA00001326246,2017-03-11 14:01:31+01,2021-10-07 16:16:10+02
EGAR00001539745,bam,,EGAN00001504071,EGAX00001495938,EGA00001326246,2017-03-11 14:01:31+01,2021-10-07 16:16:10+02
EGAR00001539746,bam,,EGAN00001504071,EGAX00001495939,EGA00001326246,2017-03-11 14:01:31+01,2021-10-07 16:16:10+02
EGAR00001539747,bam,,EGAN00001504071,EGAX00001495940,EGA00001326246,2017-03-11 14:01:31+01,2021-10-07 16:16:10+02
EGAR00001539748,bam,,EGAN00001504072,EGAX00001495941,EGA00001326246,2017-03-11 14:01:31+01,2021-10-07 16:16:10+02
EGAR00001539749,bam,,EGAN00001504072,EGAX00001495942,EGA00001326246,2017-03-11 14:01:31+01,2021-10-07 16:16:10+02
EGAR00001539750,bam,,EGAN00001504073,EGAX00001495943,EGA00001326246,2017-03-11 14:01:31+01,2021-10-07 16:16:10+02
EGAR00001539751,bam,,EGAN00001504073,EGAX00001495944,EGA00001326246,2017-03-11 14:01:31+01,2021-10-07 16:16:10+02
EGAR00001539752,bam,,EGAN00001504074,EGAX00001495945,EGA00001326246,2017-03-11 14:01:31+01,2021-10-07 16:16:10+02
EGAR00001539753,bam,,EGAN00001504074,EGAX00001495946,EGA00001326246,2017-03-11 14:01:31+01,2021-10-07 16:16:10+02
EGAR00001539754,bam,,EGAN00001504075,EGAX00001495947,EGA00001326246,2017-03-11 14:01:31+01,2021-10-07 16:16:10+02
EGAR00001539755,bam,,EGAN00001504075,EGAX00001495948,EGA00001326246,2017-03-11 14:01:31+01,2021-10-07 16:16:10+02
EGAR00001539756,bam,,EGAN00001504075,EGAX00001495949,EGA00001326246,2017-03-11 14:01:31+01,2021-10-07 16:16:10+02
EGAR00001539757,bam,,EGAN00001504076,EGAX00001495950,EGA00001326246,2017-03-11 14:01:31+01,2021-10-07 16:16:10+02
EGAR00001539758,bam,,EGAN00001504076,EGAX00001495951,EGA00001326246,2017-03-11 14:01:31+01,2021-10-07 16:16:10+02
EGAR00001539759,bam,,EGAN00001504077,EGAX00001495952,EGA00001326246,2017-03-11 14:01:31+01,2021-10-07 16:16:10+02
EGAR00001539760,bam,,EGAN00001504077,EGAX00001495953,EGA00001326246,2017-03-11 14:01:31+01,2021-10-07 16:16:10+02
EGAR00001539761,bam,,EGAN00001504077,EGAX00001495954,EGA00001326246,2017-03-11 14:01:31+01,2021-10-07 16:16:10+02
EGAR00001539762,bam,,EGAN00001504078,EGAX00001495955,EGA00001326246,2017-03-11 14:01:31+01,2021-10-07 16:16:10+02
EGAR00001539763,bam,,EGAN00001504078,EGAX00001495956,EGA00001326246,2017-03-11 14:01:31+01,2021-10-07 16:16:10+02
EGAR00001539764,bam,,EGAN00001504079,EGAX00001495957,EGA00001326246,2017-03-11 14:01:31+01,2021-10-07 16:16:10+02
EGAR00001539765,bam,,EGAN00001504079,EGAX00001495958,EGA00001326246,2017-03-11 14:01:31+01,2021-10-07 16:16:10+02
EGAR00001539766,bam,,EGAN00001504080,EGAX00001495959,EGA00001326246,2017-03-11 14:01:31+01,2021-10-07 16:16:11+02
EGAR00001539767,bam,,EGAN00001504080,EGAX00001495960,EGA00001326246,2017-03-11 14:01:31+01,2021-10-07 16:16:11+02
EGAR00001539768,bam,,EGAN00001504080,EGAX00001495961,EGA00001326246,2017-03-11 14:01:31+01,2021-10-07 16:16:11+02
EGAR00001539769,bam,,EGAN00001504080,EGAX00001495962,EGA00001326246,2017-03-11 14:01:31+01,2021-10-07 16:16:11+02
EGAR00001539770,bam,,EGAN00001504081,EGAX00001495963,EGA00001326246,2017-03-11 14:01:31+01,2021-10-07 16:16:11+02
EGAR00001539771,bam,,EGAN00001504081,EGAX00001495964,EGA00001326246,2017-03-11 14:01:31+01,2021-10-07 16:16:11+02
EGAR00001539772,bam,,EGAN00001504082,EGAX00001495965,EGA00001326246,2017-03-11 14:01:31+01,2021-10-07 16:16:11+02
EGAR00001539773,bam,,EGAN00001504083,EGAX00001495966,EGA00001326246,2017-03-11 14:01:31+01,2021-10-07 16:16:11+02
EGAR00001539774,bam,,EGAN00001504083,EGAX00001495967,EGA00001326246,2017-03-11 14:01:31+01,2021-10-07 16:16:11+02
EGAR00001539775,bam,,EGAN00001504083,EGAX00001495968,EGA00001326246,2017-03-11 14:01:31+01,2021-10-07 16:16:11+02
EGAR00001539776,bam,,EGAN00001504083,EGAX00001495969,EGA00001326246,2017-03-11 14:01:31+01,2021-10-07 16:16:11+02
EGAR00001539777,bam,,EGAN00001504084,EGAX00001495970,EGA00001326246,2017-03-11 14:01:31+01,2021-10-07 16:16:11+02
EGAR00001539778,bam,,EGAN00001504084,EGAX00001495971,EGA00001326246,2017-03-11 14:01:31+01,2021-10-07 16:16:11+02
EGAR00001539779,bam,,EGAN00001504084,EGAX00001495972,EGA00001326246,2017-03-11 14:01:31+01,2021-10-07 16:16:11+02
EGAR00001539780,bam,,EGAN00001504085,EGAX00001495973,EGA00001326246,2017-03-11 14:01:31+01,2021-10-07 16:16:11+02
EGAR00001539781,bam,,EGAN00001504086,EGAX00001495974,EGA00001326246,2017-03-11 14:01:31+01,2021-10-07 16:16:11+02
EGAR00001539782,bam,,EGAN00001504086,EGAX00001495975,EGA00001326246,2017-03-11 14:01:31+01,2021-10-07 16:16:11+02
EGAR00001539783,bam,,EGAN00001504087,EGAX00001495976,EGA00001326246,2017-03-11 14:01:31+01,2021-10-07 16:16:11+02
EGAR00001539784,bam,,EGAN00001504087,EGAX00001495977,EGA00001326246,2017-03-11 14:01:31+01,2021-10-07 16:16:11+02
EGAR00001539785,bam,,EGAN00001504087,EGAX00001495978,EGA00001326246,2017-03-11 14:01:31+01,2021-10-07 16:16:11+02
EGAR00001539786,bam,,EGAN00001504087,EGAX00001495979,EGA00001326246,2017-03-11 14:01:31+01,2021-10-07 16:16:11+02
EGAR00001539787,bam,,EGAN00001504087,EGAX00001495980,EGA00001326246,2017-03-11 14:01:31+01,2021-10-07 16:16:11+02
EGAR00001539788,bam,,EGAN00001504088,EGAX00001495981,EGA00001326246,2017-03-11 14:01:31+01,2021-10-07 16:16:11+02
EGAR00001539789,bam,,EGAN00001504088,EGAX00001495982,EGA00001326246,2017-03-11 14:01:31+01,2021-10-07 16:16:11+02
EGAR00001539790,bam,,EGAN00001504089,EGAX00001495983,EGA00001326246,2017-03-11 14:01:31+01,2021-10-07 16:16:11+02
EGAR00001539791,bam,,EGAN00001504089,EGAX00001495984,EGA00001326246,2017-03-11 14:01:31+01,2021-10-07 16:16:11+02
EGAR00001539792,bam,,EGAN00001504090,EGAX00001495985,EGA00001326246,2017-03-11 14:01:31+01,2021-10-07 16:16:11+02
EGAR00001539793,bam,,EGAN00001504090,EGAX00001495986,EGA00001326246,2017-03-11 14:01:31+01,2021-10-07 16:16:11+02
EGAR00001539794,bam,,EGAN00001504091,EGAX00001495987,EGA00001326246,2017-03-11 14:01:31+01,2021-10-07 16:16:11+02
EGAR00001539795,bam,,EGAN00001504091,EGAX00001495988,EGA00001326246,2017-03-11 14:01:31+01,2021-10-07 16:16:11+02
EGAR00001539796,bam,,EGAN00001504092,EGAX00001495989,EGA00001326246,2017-03-11 14:01:31+01,2021-10-07 16:16:11+02
EGAR00001539797,bam,,EGAN00001504092,EGAX00001495990,EGA00001326246,2017-03-11 14:01:31+01,2021-10-07 16:16:11+02
EGAR00001539798,bam,,EGAN00001504092,EGAX00001495991,EGA00001326246,2017-03-11 14:01:31+01,2021-10-07 16:16:11+02
EGAR00001539799,bam,,EGAN00001504093,EGAX00001495992,EGA00001326246,2017-03-11 14:01:32+01,2021-10-07 16:16:11+02
EGAR00001539800,bam,,EGAN00001504093,EGAX00001495993,EGA00001326246,2017-03-11 14:01:32+01,2021-10-07 16:16:11+02
EGAR00001539801,bam,,EGAN00001504094,EGAX00001495994,EGA00001326246,2017-03-11 14:01:32+01,2021-10-07 16:16:11+02
EGAR00001539802,bam,,EGAN00001504094,EGAX00001495995,EGA00001326246,2017-03-11 14:01:32+01,2021-10-07 16:16:11+02
EGAR00001539803,bam,,EGAN00001504095,EGAX00001495996,EGA00001326246,2017-03-11 14:01:32+01,2021-10-07 16:16:11+02
EGAR00001539804,bam,,EGAN00001504095,EGAX00001495997,EGA00001326246,2017-03-11 14:01:32+01,2021-10-07 16:16:11+02
EGAR00001539805,bam,,EGAN00001504096,EGAX00001495998,EGA00001326246,2017-03-11 14:01:32+01,2021-10-07 16:16:11+02
EGAR00001539806,bam,,EGAN00001504096,EGAX00001495999,EGA00001326246,2017-03-11 14:01:32+01,2021-10-07 16:16:11+02
EGAR00001539807,bam,,EGAN00001504097,EGAX00001496000,EGA00001326246,2017-03-11 14:01:32+01,2021-10-07 16:16:11+02
EGAR00001539808,bam,,EGAN00001504097,EGAX00001496001,EGA00001326246,2017-03-11 14:01:32+01,2021-10-07 16:16:11+02
EGAR00001539809,bam,,EGAN00001504098,EGAX00001496002,EGA00001326246,2017-03-11 14:01:32+01,2021-10-07 16:16:11+02
EGAR00001539810,bam,,EGAN00001504098,EGAX00001496003,EGA00001326246,2017-03-11 14:01:32+01,2021-10-07 16:16:11+02
EGAR00001539811,bam,,EGAN00001504099,EGAX00001496004,EGA00001326246,2017-03-11 14:01:32+01,2021-10-07 16:16:11+02
EGAR00001539812,bam,,EGAN00001504099,EGAX00001496005,EGA00001326246,2017-03-11 14:01:32+01,2021-10-07 16:16:11+02
EGAR00001539813,bam,,EGAN00001504100,EGAX00001496006,EGA00001326246,2017-03-11 14:01:32+01,2021-10-07 16:16:11+02
EGAR00001539814,bam,,EGAN00001504100,EGAX00001496007,EGA00001326246,2017-03-11 14:01:32+01,2021-10-07 16:16:11+02
EGAR00001539815,bam,,EGAN00001504101,EGAX00001496008,EGA00001326246,2017-03-11 14:01:32+01,2021-10-07 16:16:11+02
EGAR00001539816,bam,,EGAN00001504101,EGAX00001496009,EGA00001326246,2017-03-11 14:01:32+01,2021-10-07 16:16:11+02
EGAR00001539817,bam,,EGAN00001504102,EGAX00001496010,EGA00001326246,2017-03-11 14:01:32+01,2021-10-07 16:16:11+02
EGAR00001539818,bam,,EGAN00001504102,EGAX00001496011,EGA00001326246,2017-03-11 14:01:32+01,2021-10-07 16:16:11+02
EGAR00001539819,bam,,EGAN00001504103,EGAX00001496012,EGA00001326246,2017-03-11 14:01:32+01,2021-10-07 16:16:11+02
EGAR00001539820,bam,,EGAN00001504103,EGAX00001496013,EGA00001326246,2017-03-11 14:01:32+01,2021-10-07 16:16:11+02
EGAR00001539821,bam,,EGAN00001504103,EGAX00001496014,EGA00001326246,2017-03-11 14:01:32+01,2021-10-07 16:16:11+02
EGAR00001539822,bam,,EGAN00001504103,EGAX00001496015,EGA00001326246,2017-03-11 14:01:32+01,2021-10-07 16:16:11+02
EGAR00001539823,bam,,EGAN00001504103,EGAX00001496016,EGA00001326246,2017-03-11 14:01:32+01,2021-10-07 16:16:11+02
EGAR00001539824,bam,,EGAN00001504104,EGAX00001496017,EGA00001326246,2017-03-11 14:01:32+01,2021-10-07 16:16:11+02
EGAR00001539825,bam,,EGAN00001504104,EGAX00001496018,EGA00001326246,2017-03-11 14:01:32+01,2021-10-07 16:16:11+02
EGAR00001539826,bam,,EGAN00001504105,EGAX00001496019,EGA00001326246,2017-03-11 14:01:32+01,2021-10-07 16:16:11+02
EGAR00001539827,bam,,EGAN00001504105,EGAX00001496020,EGA00001326246,2017-03-11 14:01:32+01,2021-10-07 16:16:11+02
EGAR00001539828,bam,,EGAN00001504105,EGAX00001496021,EGA00001326246,2017-03-11 14:01:32+01,2021-10-07 16:16:11+02
EGAR00001539829,bam,,EGAN00001504105,EGAX00001496022,EGA00001326246,2017-03-11 14:01:32+01,2021-10-07 16:16:11+02
EGAR00001539830,bam,,EGAN00001504106,EGAX00001496023,EGA00001326246,2017-03-11 14:01:32+01,2021-10-07 16:16:11+02
EGAR00001539831,bam,,EGAN00001504106,EGAX00001496024,EGA00001326246,2017-03-11 14:01:32+01,2021-10-07 16:16:11+02
EGAR00001539832,bam,,EGAN00001504106,EGAX00001496025,EGA00001326246,2017-03-11 14:01:32+01,2021-10-07 16:16:11+02
EGAR00001539833,bam,,EGAN00001504107,EGAX00001496026,EGA00001326246,2017-03-11 14:01:32+01,2021-10-07 16:16:11+02
EGAR00001539834,bam,,EGAN00001504107,EGAX00001496027,EGA00001326246,2017-03-11 14:01:32+01,2021-10-07 16:16:11+02
EGAR00001539835,bam,,EGAN00001504108,EGAX00001496028,EGA00001326246,2017-03-11 14:01:32+01,2021-10-07 16:16:10+02
EGAR00001539836,bam,,EGAN00001504108,EGAX00001496029,EGA00001326246,2017-03-11 14:01:32+01,2021-10-07 16:16:10+02
EGAR00001539837,bam,,EGAN00001504109,EGAX00001496030,EGA00001326246,2017-03-11 14:01:32+01,2021-10-07 16:16:10+02
EGAR00001539838,bam,,EGAN00001504110,EGAX00001496031,EGA00001326246,2017-03-11 14:01:32+01,2021-10-07 16:16:10+02
EGAR00001539839,bam,,EGAN00001504110,EGAX00001496032,EGA00001326246,2017-03-11 14:01:32+01,2021-10-07 16:16:10+02
EGAR00001539840,bam,,EGAN00001504111,EGAX00001496033,EGA00001326246,2017-03-11 14:01:32+01,2021-10-07 16:16:10+02
EGAR00001539841,bam,,EGAN00001504111,EGAX00001496034,EGA00001326246,2017-03-11 14:01:32+01,2021-10-07 16:16:10+02
EGAR00001539842,bam,,EGAN00001504112,EGAX00001496035,EGA00001326246,2017-03-11 14:01:32+01,2021-10-07 16:16:10+02
EGAR00001539843,bam,,EGAN00001504112,EGAX00001496036,EGA00001326246,2017-03-11 14:01:32+01,2021-10-07 16:16:10+02
EGAR00001539844,bam,,EGAN00001504112,EGAX00001496037,EGA00001326246,2017-03-11 14:01:32+01,2021-10-07 16:16:10+02
EGAR00001539845,bam,,EGAN00001504113,EGAX00001496038,EGA00001326246,2017-03-11 14:01:32+01,2021-10-07 16:16:10+02
EGAR00001539846,bam,,EGAN00001504113,EGAX00001496039,EGA00001326246,2017-03-11 14:01:32+01,2021-10-07 16:16:10+02
EGAR00001539847,bam,,EGAN00001504114,EGAX00001496040,EGA00001326246,2017-03-11 14:01:32+01,2021-10-07 16:16:10+02
EGAR00001539848,bam,,EGAN00001504114,EGAX00001496041,EGA00001326246,2017-03-11 14:01:32+01,2021-10-07 16:16:10+02
EGAR00001539849,bam,,EGAN00001504115,EGAX00001496042,EGA00001326246,2017-03-11 14:01:32+01,2021-10-07 16:16:10+02
EGAR00001539850,bam,,EGAN00001504115,EGAX00001496043,EGA00001326246,2017-03-11 14:01:32+01,2021-10-07 16:16:10+02
EGAR00001539851,bam,,EGAN00001504115,EGAX00001496044,EGA00001326246,2017-03-11 14:01:32+01,2021-10-07 16:16:10+02
EGAR00001539852,bam,,EGAN00001504116,EGAX00001496045,EGA00001326246,2017-03-11 14:01:32+01,2021-10-07 16:16:10+02
EGAR00001539853,bam,,EGAN00001504116,EGAX00001496046,EGA00001326246,2017-03-11 14:01:32+01,2021-10-07 16:16:10+02
EGAR00001539854,bam,,EGAN00001504116,EGAX00001496047,EGA00001326246,2017-03-11 14:01:32+01,2021-10-07 16:16:10+02
EGAR00001539855,bam,,EGAN00001504117,EGAX00001496048,EGA00001326246,2017-03-11 14:01:32+01,2021-10-07 16:16:10+02
EGAR00001539856,bam,,EGAN00001504117,EGAX00001496049,EGA00001326246,2017-03-11 14:01:32+01,2021-10-07 16:16:10+02
EGAR00001539857,bam,,EGAN00001504117,EGAX00001496050,EGA00001326246,2017-03-11 14:01:32+01,2021-10-07 16:16:10+02
EGAR00001539858,bam,,EGAN00001504118,EGAX00001496051,EGA00001326246,2017-03-11 14:01:32+01,2021-10-07 16:16:10+02
EGAR00001539859,bam,,EGAN00001504118,EGAX00001496052,EGA00001326246,2017-03-11 14:01:32+01,2021-10-07 16:16:10+02
EGAR00001539860,bam,,EGAN00001504118,EGAX00001496053,EGA00001326246,2017-03-11 14:01:32+01,2021-10-07 16:16:10+02
EGAR00001539861,bam,,EGAN00001504119,EGAX00001496054,EGA00001326246,2017-03-11 14:01:32+01,2021-10-07 16:16:10+02
EGAR00001539862,bam,,EGAN00001504119,EGAX00001496055,EGA00001326246,2017-03-11 14:01:32+01,2021-10-07 16:16:10+02
EGAR00001539863,bam,,EGAN00001504120,EGAX00001496056,EGA00001326246,2017-03-11 14:01:32+01,2021-10-07 16:16:10+02
EGAR00001539864,bam,,EGAN00001504120,EGAX00001496057,EGA00001326246,2017-03-11 14:01:32+01,2021-10-07 16:16:10+02
EGAR00001539865,bam,,EGAN00001504121,EGAX00001496058,EGA00001326246,2017-03-11 14:01:32+01,2021-10-07 16:16:10+02
EGAR00001539866,bam,,EGAN00001504121,EGAX00001496059,EGA00001326246,2017-03-11 14:01:32+01,2021-10-07 16:16:10+02
EGAR00001539867,bam,,EGAN00001504122,EGAX00001496060,EGA00001326246,2017-03-11 14:01:32+01,2021-10-07 16:16:10+02
EGAR00001539868,bam,,EGAN00001504122,EGAX00001496061,EGA00001326246,2017-03-11 14:01:32+01,2021-10-07 16:16:10+02
EGAR00001539869,bam,,EGAN00001504123,EGAX00001496062,EGA00001326246,2017-03-11 14:01:32+01,2021-10-07 16:16:10+02
EGAR00001539870,bam,,EGAN00001504123,EGAX00001496063,EGA00001326246,2017-03-11 14:01:32+01,2021-10-07 16:16:10+02
EGAR00001539871,bam,,EGAN00001504124,EGAX00001496064,EGA00001326246,2017-03-11 14:01:32+01,2021-10-07 16:16:10+02
EGAR00001539872,bam,,EGAN00001504124,EGAX00001496065,EGA00001326246,2017-03-11 14:01:32+01,2021-10-07 16:16:10+02
EGAR00001539873,bam,,EGAN00001504125,EGAX00001496066,EGA00001326246,2017-03-11 14:01:32+01,2021-10-07 16:16:10+02
EGAR00001539874,bam,,EGAN00001504125,EGAX00001496067,EGA00001326246,2017-03-11 14:01:32+01,2021-10-07 16:16:10+02
EGAR00001539875,bam,,EGAN00001504126,EGAX00001496068,EGA00001326246,2017-03-11 14:01:32+01,2021-10-07 16:16:10+02
EGAR00001539876,bam,,EGAN00001504126,EGAX00001496069,EGA00001326246,2017-03-11 14:01:32+01,2021-10-07 16:16:10+02
EGAR00001539877,bam,,EGAN00001504127,EGAX00001496070,EGA00001326246,2017-03-11 14:01:32+01,2021-10-07 16:16:10+02
EGAR00001539878,bam,,EGAN00001504127,EGAX00001496071,EGA00001326246,2017-03-11 14:01:32+01,2021-10-07 16:16:10+02
EGAR00001539879,bam,,EGAN00001504128,EGAX00001496072,EGA00001326246,2017-03-11 14:01:32+01,2021-10-07 16:16:10+02
EGAR00001539880,bam,,EGAN00001504128,EGAX00001496073,EGA00001326246,2017-03-11 14:01:32+01,2021-10-07 16:16:10+02
EGAR00001539881,bam,,EGAN00001504128,EGAX00001496074,EGA00001326246,2017-03-11 14:01:32+01,2021-10-07 16:16:10+02
EGAR00001539882,bam,,EGAN00001504129,EGAX00001496075,EGA00001326246,2017-03-11 14:01:32+01,2021-10-07 16:16:10+02
EGAR00001539883,bam,,EGAN00001504129,EGAX00001496076,EGA00001326246,2017-03-11 14:01:32+01,2021-10-07 16:16:10+02
EGAR00001539884,bam,,EGAN00001504130,EGAX00001496077,EGA00001326246,2017-03-11 14:01:32+01,2021-10-07 16:16:10+02
EGAR00001539885,bam,,EGAN00001504130,EGAX00001496078,EGA00001326246,2017-03-11 14:01:32+01,2021-10-07 16:16:10+02
EGAR00001539886,bam,,EGAN00001504131,EGAX00001496079,EGA00001326246,2017-03-11 14:01:32+01,2021-10-07 16:16:10+02
EGAR00001539887,bam,,EGAN00001504131,EGAX00001496080,EGA00001326246,2017-03-11 14:01:32+01,2021-10-07 16:16:10+02
EGAR00001539888,bam,,EGAN00001504132,EGAX00001496081,EGA00001326246,2017-03-11 14:01:32+01,2021-10-07 16:16:10+02
EGAR00001539889,bam,,EGAN00001504132,EGAX00001496082,EGA00001326246,2017-03-11 14:01:32+01,2021-10-07 16:16:10+02
EGAR00001539890,bam,,EGAN00001504133,EGAX00001496083,EGA00001326246,2017-03-11 14:01:32+01,2021-10-07 16:16:10+02
EGAR00001539891,bam,,EGAN00001504133,EGAX00001496084,EGA00001326246,2017-03-11 14:01:32+01,2021-10-07 16:16:10+02
EGAR00001539892,bam,,EGAN00001504134,EGAX00001496085,EGA00001326246,2017-03-11 14:01:32+01,2021-10-07 16:16:10+02
EGAR00001539893,bam,,EGAN00001504134,EGAX00001496086,EGA00001326246,2017-03-11 14:01:32+01,2021-10-07 16:16:10+02
EGAR00001539894,bam,,EGAN00001504135,EGAX00001496087,EGA00001326246,2017-03-11 14:01:32+01,2021-10-07 16:16:10+02
EGAR00001539895,bam,,EGAN00001504135,EGAX00001496088,EGA00001326246,2017-03-11 14:01:32+01,2021-10-07 16:16:10+02
EGAR00001539896,bam,,EGAN00001504135,EGAX00001496089,EGA00001326246,2017-03-11 14:01:32+01,2021-10-07 16:16:10+02
EGAR00001539897,bam,,EGAN00001504135,EGAX00001496090,EGA00001326246,2017-03-11 14:01:32+01,2021-10-07 16:16:10+02
EGAR00001539898,bam,,EGAN00001504136,EGAX00001496091,EGA00001326246,2017-03-11 14:01:32+01,2021-10-07 16:16:10+02
EGAR00001539899,bam,,EGAN00001504137,EGAX00001496092,EGA00001326246,2017-03-11 14:01:32+01,2021-10-07 16:16:10+02
EGAR00001539900,bam,,EGAN00001504137,EGAX00001496093,EGA00001326246,2017-03-11 14:01:32+01,2021-10-07 16:16:10+02
EGAR00001539901,bam,,EGAN00001504138,EGAX00001496094,EGA00001326246,2017-03-11 14:01:32+01,2021-10-07 16:16:10+02
EGAR00001539902,bam,,EGAN00001504138,EGAX00001496095,EGA00001326246,2017-03-11 14:01:32+01,2021-10-07 16:16:10+02
EGAR00001539903,bam,,EGAN00001504138,EGAX00001496096,EGA00001326246,2017-03-11 14:01:32+01,2021-10-07 16:16:10+02
EGAR00001539904,bam,,EGAN00001504138,EGAX00001496097,EGA00001326246,2017-03-11 14:01:32+01,2021-10-07 16:16:10+02
EGAR00001539905,bam,,EGAN00001504139,EGAX00001496098,EGA00001326246,2017-03-11 14:01:32+01,2021-10-07 16:16:10+02
EGAR00001539906,bam,,EGAN00001504139,EGAX00001496099,EGA00001326246,2017-03-11 14:01:32+01,2021-10-07 16:16:10+02
EGAR00001539907,bam,,EGAN00001504140,EGAX00001496100,EGA00001326246,2017-03-11 14:01:32+01,2021-10-07 16:16:10+02
EGAR00001539908,bam,,EGAN00001504140,EGAX00001496101,EGA00001326246,2017-03-11 14:01:32+01,2021-10-07 16:16:10+02
EGAR00001539909,bam,,EGAN00001504140,EGAX00001496102,EGA00001326246,2017-03-11 14:01:32+01,2021-10-07 16:16:10+02
EGAR00001539910,bam,,EGAN00001504140,EGAX00001496103,EGA00001326246,2017-03-11 14:01:32+01,2021-10-07 16:16:10+02
EGAR00001539911,bam,,EGAN00001504141,EGAX00001496104,EGA00001326246,2017-03-11 14:01:32+01,2021-10-07 16:16:10+02
EGAR00001539912,bam,,EGAN00001504141,EGAX00001496105,EGA00001326246,2017-03-11 14:01:32+01,2021-10-07 16:16:10+02
EGAR00001539913,bam,,EGAN00001504142,EGAX00001496106,EGA00001326246,2017-03-11 14:01:32+01,2021-10-07 16:16:10+02
EGAR00001539914,bam,,EGAN00001504142,EGAX00001496107,EGA00001326246,2017-03-11 14:01:32+01,2021-10-07 16:16:10+02
EGAR00001539915,bam,,EGAN00001504143,EGAX00001496108,EGA00001326246,2017-03-11 14:01:32+01,2021-10-07 16:16:10+02
EGAR00001539916,bam,,EGAN00001504143,EGAX00001496109,EGA00001326246,2017-03-11 14:01:32+01,2021-10-07 16:16:10+02
EGAR00001539917,bam,,EGAN00001504144,EGAX00001496110,EGA00001326246,2017-03-11 14:01:32+01,2021-10-07 16:16:10+02
EGAR00001539918,bam,,EGAN00001504144,EGAX00001496111,EGA00001326246,2017-03-11 14:01:32+01,2021-10-07 16:16:10+02
EGAR00001539919,bam,,EGAN00001504145,EGAX00001496112,EGA00001326246,2017-03-11 14:01:32+01,2021-10-07 16:16:10+02
EGAR00001539920,bam,,EGAN00001504146,EGAX00001496113,EGA00001326246,2017-03-11 14:01:32+01,2021-10-07 16:16:10+02
EGAR00001539921,bam,,EGAN00001504146,EGAX00001496114,EGA00001326246,2017-03-11 14:01:32+01,2021-10-07 16:16:10+02
EGAR00001539922,bam,,EGAN00001504148,EGAX00001496115,EGA00001326246,2017-03-11 14:01:32+01,2021-10-07 16:16:10+02
EGAR00001539923,bam,,EGAN00001504148,EGAX00001496116,EGA00001326246,2017-03-11 14:01:32+01,2021-10-07 16:16:10+02
EGAR00001539924,bam,,EGAN00001504149,EGAX00001496117,EGA00001326246,2017-03-11 14:01:32+01,2021-10-07 16:16:10+02
EGAR00001539925,bam,,EGAN00001504149,EGAX00001496118,EGA00001326246,2017-03-11 14:01:32+01,2021-10-07 16:16:10+02
EGAR00001539926,bam,,EGAN00001504150,EGAX00001496119,EGA00001326246,2017-03-11 14:01:33+01,2021-10-07 16:16:10+02
EGAR00001539927,bam,,EGAN00001504150,EGAX00001496120,EGA00001326246,2017-03-11 14:01:33+01,2021-10-07 16:16:10+02
EGAR00001539928,bam,,EGAN00001504150,EGAX00001496121,EGA00001326246,2017-03-11 14:01:33+01,2021-10-07 16:16:10+02
EGAR00001539929,bam,,EGAN00001504147,EGAX00001496122,EGA00001326246,2017-03-11 14:01:33+01,2021-10-07 16:16:10+02
EGAR00001539930,bam,,EGAN00001504147,EGAX00001496123,EGA00001326246,2017-03-11 14:01:33+01,2021-10-07 16:16:10+02
EGAR00001539931,bam,,EGAN00001504151,EGAX00001496124,EGA00001326246,2017-03-11 14:01:33+01,2021-10-07 16:16:10+02
EGAR00001539932,bam,,EGAN00001504151,EGAX00001496125,EGA00001326246,2017-03-11 14:01:33+01,2021-10-07 16:16:10+02
EGAR00001539933,bam,,EGAN00001504152,EGAX00001496126,EGA00001326246,2017-03-11 14:01:33+01,2021-10-07 16:16:10+02
EGAR00001539934,bam,,EGAN00001504152,EGAX00001496127,EGA00001326246,2017-03-11 14:01:33+01,2021-10-07 16:16:10+02
EGAR00001539935,bam,,EGAN00001504153,EGAX00001496128,EGA00001326246,2017-03-11 14:01:33+01,2021-10-07 16:16:10+02
EGAR00001539936,bam,,EGAN00001504153,EGAX00001496129,EGA00001326246,2017-03-11 14:01:33+01,2021-10-07 16:16:10+02
EGAR00001539937,bam,,EGAN00001504154,EGAX00001496130,EGA00001326246,2017-03-11 14:01:33+01,2021-10-07 16:16:10+02
EGAR00001539938,bam,,EGAN00001504154,EGAX00001496131,EGA00001326246,2017-03-11 14:01:33+01,2021-10-07 16:16:10+02
EGAR00001539939,bam,,EGAN00001504155,EGAX00001496132,EGA00001326246,2017-03-11 14:01:33+01,2021-10-07 16:16:10+02
EGAR00001539940,bam,,EGAN00001504155,EGAX00001496133,EGA00001326246,2017-03-11 14:01:33+01,2021-10-07 16:16:10+02
EGAR00001539941,bam,,EGAN00001504155,EGAX00001496134,EGA00001326246,2017-03-11 14:01:33+01,2021-10-07 16:16:10+02
EGAR00001539942,bam,,EGAN00001504156,EGAX00001496135,EGA00001326246,2017-03-11 14:01:33+01,2021-10-07 16:16:10+02
EGAR00001539943,bam,,EGAN00001504156,EGAX00001496136,EGA00001326246,2017-03-11 14:01:33+01,2021-10-07 16:16:10+02
EGAR00001539944,bam,,EGAN00001504156,EGAX00001496137,EGA00001326246,2017-03-11 14:01:33+01,2021-10-07 16:16:10+02
EGAR00001539945,bam,,EGAN00001504156,EGAX00001496138,EGA00001326246,2017-03-11 14:01:33+01,2021-10-07 16:16:10+02
EGAR00001539946,bam,,EGAN00001504157,EGAX00001496139,EGA00001326246,2017-03-11 14:01:33+01,2021-10-07 16:16:10+02
EGAR00001539947,bam,,EGAN00001504158,EGAX00001496140,EGA00001326246,2017-03-11 14:01:33+01,2021-10-07 16:16:10+02
EGAR00001539948,bam,,EGAN00001504159,EGAX00001496141,EGA00001326246,2017-03-11 14:01:33+01,2021-10-07 16:16:10+02
EGAR00001539949,bam,,EGAN00001504160,EGAX00001496142,EGA00001326246,2017-03-11 14:01:33+01,2021-10-07 16:16:10+02
EGAR00001539950,bam,,EGAN00001504161,EGAX00001496143,EGA00001326246,2017-03-11 14:01:33+01,2021-10-07 16:16:10+02
EGAR00001539951,bam,,EGAN00001504162,EGAX00001496144,EGA00001326246,2017-03-11 14:01:33+01,2021-10-07 16:16:10+02
EGAR00001539952,bam,,EGAN00001503997,EGAX00001496145,EGA00001326250,2017-03-12 02:33:32+01,2021-10-07 16:16:09+02
EGAR00001559478,bam,,EGAN00001503931,EGAX00001515346,EGA00001347750,2017-05-24 06:07:48+02,2021-10-07 16:16:20+02
EGAR00001559481,bam,,EGAN00001503932,EGAX00001515349,EGA00001347750,2017-05-24 06:07:48+02,2021-10-07 16:16:20+02
EGAR00001559485,bam,,EGAN00001503934,EGAX00001515353,EGA00001347750,2017-05-24 06:07:48+02,2021-10-07 16:16:20+02
EGAR00001559489,bam,,EGAN00001503936,EGAX00001515357,EGA00001347750,2017-05-24 06:07:48+02,2021-10-07 16:16:20+02
EGAR00001559980,bam,,EGAN00001503901,EGAX00001515848,EGA00001347751,2017-05-24 07:10:32+02,2021-10-07 16:16:20+02
EGAR00001559981,bam,,EGAN00001503901,EGAX00001515849,EGA00001347751,2017-05-24 07:10:33+02,2021-10-07 16:16:20+02
EGAR00001559982,bam,,EGAN00001503902,EGAX00001515850,EGA00001347751,2017-05-24 07:10:33+02,2021-10-07 16:16:20+02
EGAR00001559983,bam,,EGAN00001503902,EGAX00001515851,EGA00001347751,2017-05-24 07:10:33+02,2021-10-07 16:16:20+02
EGAR00001559984,bam,,EGAN00001503903,EGAX00001515852,EGA00001347751,2017-05-24 07:10:33+02,2021-10-07 16:16:20+02
EGAR00001559985,bam,,EGAN00001503903,EGAX00001515853,EGA00001347751,2017-05-24 07:10:33+02,2021-10-07 16:16:20+02
EGAR00001567110,bam,,EGAN00001503929,EGAX00001522876,EGA00001352470,2017-06-29 07:09:38+02,2021-10-07 16:16:23+02
EGAR00001567113,bam,,EGAN00001503933,EGAX00001522879,EGA00001352470,2017-06-29 07:09:38+02,2021-10-07 16:16:23+02
EGAR00001567116,bam,,EGAN00001503938,EGAX00001522882,EGA00001352470,2017-06-29 07:09:38+02,2021-10-07 16:16:23+02
EGAR00001567117,bam,,EGAN00001503939,EGAX00001522883,EGA00001352470,2017-06-29 07:09:38+02,2021-10-07 16:16:23+02
EGAR00001567118,bam,,EGAN00001503940,EGAX00001522884,EGA00001352470,2017-06-29 07:09:38+02,2021-10-07 16:16:23+02
EGAR00001567119,bam,,EGAN00001503942,EGAX00001522885,EGA00001352470,2017-06-29 07:09:38+02,2021-10-07 16:16:23+02
EGAR00001567120,bam,,EGAN00001503943,EGAX00001522886,EGA00001352470,2017-06-29 07:09:38+02,2021-10-07 16:16:23+02
EGAR00001567121,bam,,EGAN00001503945,EGAX00001522887,EGA00001352470,2017-06-29 07:09:38+02,2021-10-07 16:16:23+02
EGAR00001567122,bam,,EGAN00001503946,EGAX00001522888,EGA00001352470,2017-06-29 07:09:38+02,2021-10-07 16:16:23+02
EGAR00001567123,bam,,EGAN00001503947,EGAX00001522889,EGA00001352470,2017-06-29 07:09:38+02,2021-10-07 16:16:23+02
EGAR00001567124,bam,,EGAN00001503948,EGAX00001522890,EGA00001352470,2017-06-29 07:09:38+02,2021-10-07 16:16:23+02
