sample_accession_id,sample_alias,file_name,file_accession_id
EGAN00001503897,293T_Ctrl,293T_Ctrl_CHX.bam,EGAF00001577895
EGAN00001503897,293T_Ctrl,293T_Ctrl_None.bam,EGAF00001577896
EGAN00001503897,293T_Ctrl,293T_Ctrl_CHX.bam,EGAF00001654029
EGAN00001503897,293T_Ctrl,293T_Ctrl_None.bam,EGAF00001654030
EGAN00001503897,293T_Ctrl,293T_Ctrl_CHX.bam,EGAF00001654699
EGAN00001503897,293T_Ctrl,293T_Ctrl_None.bam,EGAF00001654700
EGAN00001503898,293T_Mut1,293T_Mut1_CHX.bam,EGAF00001577897
EGAN00001503898,293T_Mut1,293T_Mut1_None.bam,EGAF00001577898
EGAN00001503898,293T_Mut1,293T_Mut1_CHX.bam,EGAF00001654031
EGAN00001503898,293T_Mut1,293T_Mut1_None.bam,EGAF00001654032
EGAN00001503898,293T_Mut1,293T_Mut1_CHX.bam,EGAF00001654701
EGAN00001503898,293T_Mut1,293T_Mut1_None.bam,EGAF00001654817
EGAN00001503899,293T_Mut2,293T_Mut2_CHX.bam,EGAF00001577899
EGAN00001503899,293T_Mut2,293T_Mut2_None.bam,EGAF00001577946
EGAN00001503899,293T_Mut2,293T_Mut2_CHX.bam,EGAF00001654033
EGAN00001503899,293T_Mut2,293T_Mut2_None.bam,EGAF00001654034
EGAN00001503899,293T_Mut2,293T_Mut2_CHX.bam,EGAF00001654818
EGAN00001503899,293T_Mut2,293T_Mut2_None.bam,EGAF00001654819
EGAN00001503900,293T_Mut3,293T_Mut3_CHX.bam,EGAF00001577947
EGAN00001503900,293T_Mut3,293T_Mut3_None.bam,EGAF00001577948
EGAN00001503900,293T_Mut3,293T_Mut3_None.bam,EGAF00001622103
EGAN00001503900,293T_Mut3,293T_Mut3_None.bam,EGAF00001622127
EGAN00001503900,293T_Mut3,293T_Mut3_CHX.bam,EGAF00001654035
EGAN00001503900,293T_Mut3,293T_Mut3_None.bam,EGAF00001654036
EGAN00001503900,293T_Mut3,293T_Mut3_CHX.bam,EGAF00001654820
EGAN00001503900,293T_Mut3,293T_Mut3_None.bam,EGAF00001654821
EGAN00001503900,293T_Mut3,293T_Mut3_None.bam,EGAF00001681688
EGAN00001503901,293T_WT1,293T_WT1_CHX.bam,EGAF00001577949
EGAN00001503901,293T_WT1,293T_WT1_None.bam,EGAF00001577950
EGAN00001503901,293T_WT1,293T_WT1_CHX.bam,EGAF00001622104
EGAN00001503901,293T_WT1,293T_WT1_None.bam,EGAF00001622105
EGAN00001503901,293T_WT1,293T_WT1_CHX.bam,EGAF00001622128
EGAN00001503901,293T_WT1,293T_WT1_None.bam,EGAF00001622129
EGAN00001503901,293T_WT1,293T_WT1_CHX.bam,EGAF00001654037
EGAN00001503901,293T_WT1,293T_WT1_None.bam,EGAF00001654038
EGAN00001503901,293T_WT1,293T_WT1_CHX.bam,EGAF00001654822
EGAN00001503901,293T_WT1,293T_WT1_None.bam,EGAF00001654823
EGAN00001503901,293T_WT1,293T_WT1_CHX.bam,EGAF00001681689
EGAN00001503901,293T_WT1,293T_WT1_None.bam,EGAF00001681690
EGAN00001503902,293T_WT2,293T_WT2_CHX.bam,EGAF00001577951
EGAN00001503902,293T_WT2,293T_WT2_None.bam,EGAF00001577952
EGAN00001503902,293T_WT2,293T_WT2_CHX.bam,EGAF00001622106
EGAN00001503902,293T_WT2,293T_WT2_None.bam,EGAF00001622107
EGAN00001503902,293T_WT2,293T_WT2_CHX.bam,EGAF00001622130
EGAN00001503902,293T_WT2,293T_WT2_None.bam,EGAF00001622131
EGAN00001503902,293T_WT2,293T_WT2_CHX.bam,EGAF00001654039
EGAN00001503902,293T_WT2,293T_WT2_None.bam,EGAF00001654040
EGAN00001503902,293T_WT2,293T_WT2_CHX.bam,EGAF00001654824
EGAN00001503902,293T_WT2,293T_WT2_None.bam,EGAF00001654825
EGAN00001503902,293T_WT2,293T_WT2_CHX.bam,EGAF00001681691
EGAN00001503902,293T_WT2,293T_WT2_None.bam,EGAF00001681692
EGAN00001503903,293T_WT3,293T_WT3_CHX.bam,EGAF00001577953
EGAN00001503903,293T_WT3,293T_WT3_None.bam,EGAF00001577954
EGAN00001503903,293T_WT3,293T_WT3_CHX.bam,EGAF00001622108
EGAN00001503903,293T_WT3,293T_WT3_None.bam,EGAF00001622109
EGAN00001503903,293T_WT3,293T_WT3_CHX.bam,EGAF00001622132
EGAN00001503903,293T_WT3,293T_WT3_None.bam,EGAF00001622133
EGAN00001503903,293T_WT3,293T_WT3_CHX.bam,EGAF00001654041
EGAN00001503903,293T_WT3,293T_WT3_None.bam,EGAF00001654042
EGAN00001503903,293T_WT3,293T_WT3_CHX.bam,EGAF00001654826
EGAN00001503903,293T_WT3,293T_WT3_None.bam,EGAF00001654827
EGAN00001503903,293T_WT3,293T_WT3_CHX.bam,EGAF00001681693
EGAN00001503903,293T_WT3,293T_WT3_None.bam,EGAF00001681694
EGAN00001503904,PV10001,PV10001_CD34.bam,EGAF00001577955
EGAN00001503904,PV10001,PV10001_DNA.bam,EGAF00001577956
EGAN00001503904,PV10001,PV10001_CD34.bam,EGAF00001654043
EGAN00001503904,PV10001,PV10001_DNA.bam,EGAF00001654044
EGAN00001503904,PV10001,PV10001_CD34.bam,EGAF00001654828
EGAN00001503904,PV10001,PV10001_DNA.bam,EGAF00001654829
EGAN00001503905,PV1009,PV1009_BMMNC.bam,EGAF00001577957
EGAN00001503905,PV1009,PV1009_CD34.bam,EGAF00001577958
EGAN00001503905,PV1009,PV1009_DNA.bam,EGAF00001577959
EGAN00001503905,PV1009,PV1009_BMMNC.bam,EGAF00001654045
EGAN00001503905,PV1009,PV1009_CD34.bam,EGAF00001654046
EGAN00001503905,PV1009,PV1009_DNA.bam,EGAF00001654047
EGAN00001503905,PV1009,PV1009_BMMNC.bam,EGAF00001654830
EGAN00001503905,PV1009,PV1009_CD34.bam,EGAF00001654831
EGAN00001503905,PV1009,PV1009_DNA.bam,EGAF00001654832
EGAN00001503906,PV1010,PV1010_day14.bam,EGAF00001577960
EGAN00001503906,PV1010,PV1010_day7.bam,EGAF00001577961
EGAN00001503906,PV1010,PV1010_day14.bam,EGAF00001654048
EGAN00001503906,PV1010,PV1010_day7.bam,EGAF00001654049
EGAN00001503906,PV1010,PV1010_day14.bam,EGAF00001654833
EGAN00001503906,PV1010,PV1010_day7.bam,EGAF00001654834
EGAN00001503907,PV1015,PV1015_BMMNC.bam,EGAF00001577962
EGAN00001503907,PV1015,PV1015_DNA.bam,EGAF00001577963
EGAN00001503907,PV1015,PV1015_BMMNC.bam,EGAF00001654050
EGAN00001503907,PV1015,PV1015_DNA.bam,EGAF00001654051
EGAN00001503907,PV1015,PV1015_BMMNC.bam,EGAF00001654835
EGAN00001503907,PV1015,PV1015_DNA.bam,EGAF00001654836
EGAN00001503908,PV1016,PV1016_BMMNC.bam,EGAF00001577964
EGAN00001503908,PV1016,PV1016_DNA.bam,EGAF00001577965
EGAN00001503908,PV1016,PV1016_BMMNC.bam,EGAF00001654075
EGAN00001503908,PV1016,PV1016_DNA.bam,EGAF00001654076
EGAN00001503908,PV1016,PV1016_BMMNC.bam,EGAF00001654837
EGAN00001503908,PV1016,PV1016_DNA.bam,EGAF00001654838
EGAN00001503909,PV1020,PV1020_BMMNC.bam,EGAF00001577966
EGAN00001503909,PV1020,PV1020_DNA.bam,EGAF00001577967
EGAN00001503909,PV1020,PV1020_BMMNC.bam,EGAF00001654077
EGAN00001503909,PV1020,PV1020_DNA.bam,EGAF00001654078
EGAN00001503909,PV1020,PV1020_BMMNC.bam,EGAF00001654839
EGAN00001503909,PV1020,PV1020_DNA.bam,EGAF00001654955
EGAN00001503910,PV1022,PV1022_BMMNC.bam,EGAF00001577968
EGAN00001503910,PV1022,PV1022_CD34.bam,EGAF00001577995
EGAN00001503910,PV1022,PV1022_DNA.bam,EGAF00001577996
EGAN00001503910,PV1022,PV1022_BMMNC.bam,EGAF00001654079
EGAN00001503910,PV1022,PV1022_CD34.bam,EGAF00001654080
EGAN00001503910,PV1022,PV1022_DNA.bam,EGAF00001654081
EGAN00001503910,PV1022,PV1022_BMMNC.bam,EGAF00001654956
EGAN00001503910,PV1022,PV1022_CD34.bam,EGAF00001654957
EGAN00001503910,PV1022,PV1022_DNA.bam,EGAF00001654958
EGAN00001503911,PV1035,PV1035_BMMNC.bam,EGAF00001577997
EGAN00001503911,PV1035,PV1035_CD34.bam,EGAF00001577998
EGAN00001503911,PV1035,PV1035_DNA.bam,EGAF00001577999
EGAN00001503911,PV1035,PV1035_BMMNC.bam,EGAF00001654082
EGAN00001503911,PV1035,PV1035_CD34.bam,EGAF00001654083
EGAN00001503911,PV1035,PV1035_DNA.bam,EGAF00001654084
EGAN00001503911,PV1035,PV1035_BMMNC.bam,EGAF00001654959
EGAN00001503911,PV1035,PV1035_CD34.bam,EGAF00001654960
EGAN00001503911,PV1035,PV1035_DNA.bam,EGAF00001654961
EGAN00001503912,PV1038,PV1038_BMMNC.bam,EGAF00001578000
EGAN00001503912,PV1038,PV1038_DNA.bam,EGAF00001578001
EGAN00001503912,PV1038,PV1038_BMMNC.bam,EGAF00001654085
EGAN00001503912,PV1038,PV1038_DNA.bam,EGAF00001654086
EGAN00001503912,PV1038,PV1038_BMMNC.bam,EGAF00001654962
EGAN00001503912,PV1038,PV1038_DNA.bam,EGAF00001654963
EGAN00001503913,PV1043,PV1043_BMMNC.bam,EGAF00001578002
EGAN00001503913,PV1043,PV1043_CD34.bam,EGAF00001578003
EGAN00001503913,PV1043,PV1043_DNA.bam,EGAF00001578004
EGAN00001503913,PV1043,PV1043_BMMNC.bam,EGAF00001654087
EGAN00001503913,PV1043,PV1043_CD34.bam,EGAF00001654088
EGAN00001503913,PV1043,PV1043_DNA.bam,EGAF00001654089
EGAN00001503913,PV1043,PV1043_BMMNC.bam,EGAF00001654964
EGAN00001503913,PV1043,PV1043_CD34.bam,EGAF00001654965
EGAN00001503913,PV1043,PV1043_DNA.bam,EGAF00001654966
EGAN00001503914,PV1046,PV1046_BMMNC.bam,EGAF00001578005
EGAN00001503914,PV1046,PV1046_DNA.bam,EGAF00001578006
EGAN00001503914,PV1046,PV1046_BMMNC.bam,EGAF00001654090
EGAN00001503914,PV1046,PV1046_DNA.bam,EGAF00001654091
EGAN00001503914,PV1046,PV1046_BMMNC.bam,EGAF00001654967
EGAN00001503914,PV1046,PV1046_DNA.bam,EGAF00001654968
EGAN00001503915,PV1047,PV1047_BMMNC.bam,EGAF00001578007
EGAN00001503915,PV1047,PV1047_BMMNC.bam,EGAF00001654092
EGAN00001503915,PV1047,PV1047_BMMNC.bam,EGAF00001654969
EGAN00001503916,PV1057,PV1057_BMMNC.bam,EGAF00001578008
EGAN00001503916,PV1057,PV1057_DNA.bam,EGAF00001578009
EGAN00001503916,PV1057,PV1057_day14.bam,EGAF00001578010
EGAN00001503916,PV1057,PV1057_day7.bam,EGAF00001578011
EGAN00001503916,PV1057,PV1057_BMMNC.bam,EGAF00001654093
EGAN00001503916,PV1057,PV1057_DNA.bam,EGAF00001654094
EGAN00001503916,PV1057,PV1057_day14.bam,EGAF00001654095
EGAN00001503916,PV1057,PV1057_day7.bam,EGAF00001654096
EGAN00001503916,PV1057,PV1057_BMMNC.bam,EGAF00001655039
EGAN00001503916,PV1057,PV1057_DNA.bam,EGAF00001655040
EGAN00001503916,PV1057,PV1057_day14.bam,EGAF00001655041
EGAN00001503916,PV1057,PV1057_day7.bam,EGAF00001655042
EGAN00001503917,PV1058,PV1058_BMMNC.bam,EGAF00001578012
EGAN00001503917,PV1058,PV1058_DNA.bam,EGAF00001578013
EGAN00001503917,PV1058,PV1058_BMMNC.bam,EGAF00001654097
EGAN00001503917,PV1058,PV1058_DNA.bam,EGAF00001654152
EGAN00001503917,PV1058,PV1058_BMMNC.bam,EGAF00001655043
EGAN00001503917,PV1058,PV1058_DNA.bam,EGAF00001655044
EGAN00001503918,PV1059,PV1059_BMMNC.bam,EGAF00001578014
EGAN00001503918,PV1059,PV1059_CD34.bam,EGAF00001578015
EGAN00001503918,PV1059,PV1059_DNA.bam,EGAF00001578016
EGAN00001503918,PV1059,PV1059_BMMNC.bam,EGAF00001654153
EGAN00001503918,PV1059,PV1059_CD34.bam,EGAF00001654154
EGAN00001503918,PV1059,PV1059_DNA.bam,EGAF00001654155
EGAN00001503918,PV1059,PV1059_BMMNC.bam,EGAF00001655045
EGAN00001503918,PV1059,PV1059_CD34.bam,EGAF00001655046
EGAN00001503918,PV1059,PV1059_DNA.bam,EGAF00001655047
EGAN00001503919,PV1064,PV1064_BMMNC.bam,EGAF00001578017
EGAN00001503919,PV1064,PV1064_CD34.bam,EGAF00001578041
EGAN00001503919,PV1064,PV1064_DNA.bam,EGAF00001578042
EGAN00001503919,PV1064,PV1064_BMMNC.bam,EGAF00001654156
EGAN00001503919,PV1064,PV1064_CD34.bam,EGAF00001654157
EGAN00001503919,PV1064,PV1064_DNA.bam,EGAF00001654158
EGAN00001503919,PV1064,PV1064_BMMNC.bam,EGAF00001655048
EGAN00001503919,PV1064,PV1064_CD34.bam,EGAF00001655049
EGAN00001503919,PV1064,PV1064_DNA.bam,EGAF00001655050
EGAN00001503920,PV1065,PV1065_day14.bam,EGAF00001578043
EGAN00001503920,PV1065,PV1065_day7.bam,EGAF00001578044
EGAN00001503920,PV1065,PV1065_day14.bam,EGAF00001654159
EGAN00001503920,PV1065,PV1065_day7.bam,EGAF00001654160
EGAN00001503920,PV1065,PV1065_day14.bam,EGAF00001655051
EGAN00001503920,PV1065,PV1065_day7.bam,EGAF00001655052
EGAN00001503921,PV1066,PV1066_BMMNC.bam,EGAF00001578045
EGAN00001503921,PV1066,PV1066_CD34.bam,EGAF00001578046
EGAN00001503921,PV1066,PV1066_DNA.bam,EGAF00001578047
EGAN00001503921,PV1066,PV1066_BMMNC.bam,EGAF00001654161
EGAN00001503921,PV1066,PV1066_CD34.bam,EGAF00001654162
EGAN00001503921,PV1066,PV1066_DNA.bam,EGAF00001654163
EGAN00001503921,PV1066,PV1066_BMMNC.bam,EGAF00001655053
EGAN00001503921,PV1066,PV1066_CD34.bam,EGAF00001655054
EGAN00001503921,PV1066,PV1066_DNA.bam,EGAF00001655055
EGAN00001503922,PV1068,PV1068_BMMNC.bam,EGAF00001578048
EGAN00001503922,PV1068,PV1068_DNA.bam,EGAF00001578049
EGAN00001503922,PV1068,PV1068_day14.bam,EGAF00001578050
EGAN00001503922,PV1068,PV1068_day7.bam,EGAF00001578051
EGAN00001503922,PV1068,PV1068_BMMNC.bam,EGAF00001654164
EGAN00001503922,PV1068,PV1068_DNA.bam,EGAF00001654165
EGAN00001503922,PV1068,PV1068_day14.bam,EGAF00001654166
EGAN00001503922,PV1068,PV1068_day7.bam,EGAF00001654167
EGAN00001503922,PV1068,PV1068_BMMNC.bam,EGAF00001655056
EGAN00001503922,PV1068,PV1068_DNA.bam,EGAF00001655057
EGAN00001503922,PV1068,PV1068_day14.bam,EGAF00001655058
EGAN00001503922,PV1068,PV1068_day7.bam,EGAF00001655059
EGAN00001503923,PV1074,PV1074_BMMNC.bam,EGAF00001578052
EGAN00001503923,PV1074,PV1074_DNA.bam,EGAF00001578053
EGAN00001503923,PV1074,PV1074_BMMNC.bam,EGAF00001654168
EGAN00001503923,PV1074,PV1074_DNA.bam,EGAF00001654169
EGAN00001503923,PV1074,PV1074_BMMNC.bam,EGAF00001655060
EGAN00001503923,PV1074,PV1074_DNA.bam,EGAF00001655061
EGAN00001503924,PV1075,PV1075_CD34.bam,EGAF00001578054
EGAN00001503924,PV1075,PV1075_DNA.bam,EGAF00001578055
EGAN00001503924,PV1075,PV1075_CD34.bam,EGAF00001654170
EGAN00001503924,PV1075,PV1075_DNA.bam,EGAF00001654171
EGAN00001503924,PV1075,PV1075_CD34.bam,EGAF00001654238
EGAN00001503924,PV1075,PV1075_DNA.bam,EGAF00001654239
EGAN00001503925,PV1078,PV1078_BMMNC.bam,EGAF00001578056
EGAN00001503925,PV1078,PV1078_DNA.bam,EGAF00001578057
EGAN00001503925,PV1078,PV1078_BMMNC.bam,EGAF00001654172
EGAN00001503925,PV1078,PV1078_DNA.bam,EGAF00001654173
EGAN00001503925,PV1078,PV1078_BMMNC.bam,EGAF00001654240
EGAN00001503925,PV1078,PV1078_DNA.bam,EGAF00001654241
EGAN00001503926,PV1087,PV1087_CD34.bam,EGAF00001578058
EGAN00001503926,PV1087,PV1087_DNA.bam,EGAF00001578059
EGAN00001503926,PV1087,PV1087_CD34.bam,EGAF00001654174
EGAN00001503926,PV1087,PV1087_CD34.bam,EGAF00001654242
EGAN00001503926,PV1087,PV1087_DNA.bam,EGAF00001654243
EGAN00001503926,PV1087,PV1087_DNA.bam,EGAF00001654284
EGAN00001503927,PV1089,PV1089_CD34.bam,EGAF00001578060
EGAN00001503927,PV1089,PV1089_DNA.bam,EGAF00001578061
EGAN00001503927,PV1089,PV1089_CD34.bam,EGAF00001654244
EGAN00001503927,PV1089,PV1089_DNA.bam,EGAF00001654245
EGAN00001503927,PV1089,PV1089_CD34.bam,EGAF00001654285
EGAN00001503927,PV1089,PV1089_DNA.bam,EGAF00001654286
EGAN00001503928,PV1092,PV1092_BMMNC.bam,EGAF00001578062
EGAN00001503928,PV1092,PV1092_CD34.bam,EGAF00001578063
EGAN00001503928,PV1092,PV1092_DNA.bam,EGAF00001578087
EGAN00001503928,PV1092,PV1092_BMMNC.bam,EGAF00001622110
EGAN00001503928,PV1092,PV1092_BMMNC.bam,EGAF00001622134
EGAN00001503928,PV1092,PV1092_BMMNC.bam,EGAF00001654246
EGAN00001503928,PV1092,PV1092_CD34.bam,EGAF00001654247
EGAN00001503928,PV1092,PV1092_DNA.bam,EGAF00001654248
EGAN00001503928,PV1092,PV1092_BMMNC.bam,EGAF00001654287
EGAN00001503928,PV1092,PV1092_CD34.bam,EGAF00001654288
EGAN00001503928,PV1092,PV1092_DNA.bam,EGAF00001654289
EGAN00001503928,PV1092,PV1092_BMMNC.bam,EGAF00001681695
EGAN00001503929,PV1098,PV1098_BMMNC.bam,EGAF00001578088
EGAN00001503929,PV1098,PV1098_CD34.bam,EGAF00001578089
EGAN00001503929,PV1098,PV1098_DNA.bam,EGAF00001578090
EGAN00001503929,PV1098,PV1098_BMMNC.bam,EGAF00001622111
EGAN00001503929,PV1098,PV1098_BMMNC.bam,EGAF00001622135
EGAN00001503929,PV1098,PV1098_BMMNC.bam,EGAF00001654249
EGAN00001503929,PV1098,PV1098_CD34.bam,EGAF00001654250
EGAN00001503929,PV1098,PV1098_DNA.bam,EGAF00001654251
EGAN00001503929,PV1098,PV1098_BMMNC.bam,EGAF00001654290
EGAN00001503929,PV1098,PV1098_CD34.bam,EGAF00001654291
EGAN00001503929,PV1098,PV1098_DNA.bam,EGAF00001654292
EGAN00001503929,PV1098,PV1098_BMMNC.bam,EGAF00001681696
EGAN00001503930,PV1101,PV1101_CD34.bam,EGAF00001578091
EGAN00001503930,PV1101,PV1101_DNA.bam,EGAF00001578092
EGAN00001503930,PV1101,PV1101_CD34.bam,EGAF00001654252
EGAN00001503930,PV1101,PV1101_DNA.bam,EGAF00001654253
EGAN00001503930,PV1101,PV1101_CD34.bam,EGAF00001654293
EGAN00001503930,PV1101,PV1101_DNA.bam,EGAF00001654294
EGAN00001503931,PV1103,PV1103_BMMNC.bam,EGAF00001578093
EGAN00001503931,PV1103,PV1103_CD34.bam,EGAF00001578094
EGAN00001503931,PV1103,PV1103_DNA.bam,EGAF00001578095
EGAN00001503931,PV1103,PV1103_BMMNC.bam,EGAF00001622112
EGAN00001503931,PV1103,PV1103_BMMNC.bam,EGAF00001622136
EGAN00001503931,PV1103,PV1103_BMMNC.bam,EGAF00001654254
EGAN00001503931,PV1103,PV1103_CD34.bam,EGAF00001654255
EGAN00001503931,PV1103,PV1103_DNA.bam,EGAF00001654256
EGAN00001503931,PV1103,PV1103_BMMNC.bam,EGAF00001654295
EGAN00001503931,PV1103,PV1103_CD34.bam,EGAF00001654296
EGAN00001503931,PV1103,PV1103_DNA.bam,EGAF00001654297
EGAN00001503931,PV1103,PV1103_BMMNC.bam,EGAF00001681697
EGAN00001503932,PV1108,PV1108_BMMNC.bam,EGAF00001578096
EGAN00001503932,PV1108,PV1108_DNA.bam,EGAF00001578097
EGAN00001503932,PV1108,PV1108_BMMNC.bam,EGAF00001622113
EGAN00001503932,PV1108,PV1108_BMMNC.bam,EGAF00001622137
EGAN00001503932,PV1108,PV1108_BMMNC.bam,EGAF00001654257
EGAN00001503932,PV1108,PV1108_DNA.bam,EGAF00001654258
EGAN00001503932,PV1108,PV1108_BMMNC.bam,EGAF00001654298
EGAN00001503932,PV1108,PV1108_DNA.bam,EGAF00001654299
EGAN00001503932,PV1108,PV1108_BMMNC.bam,EGAF00001681698
EGAN00001503933,PV1113,PV1113_BMMNC.bam,EGAF00001578098
EGAN00001503933,PV1113,PV1113_DNA.bam,EGAF00001578099
EGAN00001503933,PV1113,PV1113_BMMNC.bam,EGAF00001622114
EGAN00001503933,PV1113,PV1113_BMMNC.bam,EGAF00001622138
EGAN00001503933,PV1113,PV1113_BMMNC.bam,EGAF00001654259
EGAN00001503933,PV1113,PV1113_DNA.bam,EGAF00001654260
EGAN00001503933,PV1113,PV1113_BMMNC.bam,EGAF00001654300
EGAN00001503933,PV1113,PV1113_DNA.bam,EGAF00001654301
EGAN00001503933,PV1113,PV1113_BMMNC.bam,EGAF00001681699
EGAN00001503934,PV1114,PV1114_BMMNC.bam,EGAF00001578100
EGAN00001503934,PV1114,PV1114_DNA.bam,EGAF00001578101
EGAN00001503934,PV1114,PV1114_BMMNC.bam,EGAF00001622115
EGAN00001503934,PV1114,PV1114_BMMNC.bam,EGAF00001622139
EGAN00001503934,PV1114,PV1114_BMMNC.bam,EGAF00001654302
EGAN00001503934,PV1114,PV1114_DNA.bam,EGAF00001654303
EGAN00001503934,PV1114,PV1114_BMMNC.bam,EGAF00001654376
EGAN00001503934,PV1114,PV1114_DNA.bam,EGAF00001654377
EGAN00001503934,PV1114,PV1114_BMMNC.bam,EGAF00001681700
EGAN00001503935,PV1121,PV1121_CD34.bam,EGAF00001578102
EGAN00001503935,PV1121,PV1121_DNA.bam,EGAF00001578103
EGAN00001503935,PV1121,PV1121_CD34.bam,EGAF00001654304
EGAN00001503935,PV1121,PV1121_DNA.bam,EGAF00001654305
EGAN00001503935,PV1121,PV1121_CD34.bam,EGAF00001654378
EGAN00001503935,PV1121,PV1121_DNA.bam,EGAF00001654379
EGAN00001503936,PV1123,PV1123_BMMNC.bam,EGAF00001578104
EGAN00001503936,PV1123,PV1123_DNA.bam,EGAF00001578105
EGAN00001503936,PV1123,PV1123_BMMNC.bam,EGAF00001622116
EGAN00001503936,PV1123,PV1123_BMMNC.bam,EGAF00001622140
EGAN00001503936,PV1123,PV1123_BMMNC.bam,EGAF00001654306
EGAN00001503936,PV1123,PV1123_BMMNC.bam,EGAF00001654380
EGAN00001503936,PV1123,PV1123_DNA.bam,EGAF00001654381
EGAN00001503936,PV1123,PV1123_DNA.bam,EGAF00001654449
EGAN00001503936,PV1123,PV1123_BMMNC.bam,EGAF00001681701
EGAN00001503937,PV1127,PV1127_CD34.bam,EGAF00001578106
EGAN00001503937,PV1127,PV1127_CD34.bam,EGAF00001654382
EGAN00001503937,PV1127,PV1127_CD34.bam,EGAF00001654450
EGAN00001503938,PV1130,PV1130_BMMNC.bam,EGAF00001578107
EGAN00001503938,PV1130,PV1130_CD34.bam,EGAF00001578108
EGAN00001503938,PV1130,PV1130_DNA.bam,EGAF00001578109
EGAN00001503938,PV1130,PV1130_BMMNC.bam,EGAF00001622117
EGAN00001503938,PV1130,PV1130_BMMNC.bam,EGAF00001622141
EGAN00001503938,PV1130,PV1130_BMMNC.bam,EGAF00001654383
EGAN00001503938,PV1130,PV1130_CD34.bam,EGAF00001654384
EGAN00001503938,PV1130,PV1130_DNA.bam,EGAF00001654385
EGAN00001503938,PV1130,PV1130_BMMNC.bam,EGAF00001654451
EGAN00001503938,PV1130,PV1130_CD34.bam,EGAF00001654452
EGAN00001503938,PV1130,PV1130_DNA.bam,EGAF00001654453
EGAN00001503938,PV1130,PV1130_BMMNC.bam,EGAF00001681702
EGAN00001503939,PV1138,PV1138_BMMNC.bam,EGAF00001577560
EGAN00001503939,PV1138,PV1138_DNA.bam,EGAF00001577561
EGAN00001503939,PV1138,PV1138_BMMNC.bam,EGAF00001622118
EGAN00001503939,PV1138,PV1138_BMMNC.bam,EGAF00001622142
EGAN00001503939,PV1138,PV1138_BMMNC.bam,EGAF00001654386
EGAN00001503939,PV1138,PV1138_DNA.bam,EGAF00001654387
EGAN00001503939,PV1138,PV1138_BMMNC.bam,EGAF00001654454
EGAN00001503939,PV1138,PV1138_DNA.bam,EGAF00001654455
EGAN00001503939,PV1138,PV1138_BMMNC.bam,EGAF00001681703
EGAN00001503940,PV1142,PV1142_BMMNC.bam,EGAF00001577562
EGAN00001503940,PV1142,PV1142_DNA.bam,EGAF00001577563
EGAN00001503940,PV1142,PV1142_BMMNC.bam,EGAF00001622119
EGAN00001503940,PV1142,PV1142_BMMNC.bam,EGAF00001622143
EGAN00001503940,PV1142,PV1142_BMMNC.bam,EGAF00001654388
EGAN00001503940,PV1142,PV1142_DNA.bam,EGAF00001654389
EGAN00001503940,PV1142,PV1142_BMMNC.bam,EGAF00001654456
EGAN00001503940,PV1142,PV1142_DNA.bam,EGAF00001654457
EGAN00001503940,PV1142,PV1142_BMMNC.bam,EGAF00001681704
EGAN00001503941,PV1152,PV1152_CD34.bam,EGAF00001577564
EGAN00001503941,PV1152,PV1152_DNA.bam,EGAF00001577565
EGAN00001503941,PV1152,PV1152_CD34.bam,EGAF00001654390
EGAN00001503941,PV1152,PV1152_DNA.bam,EGAF00001654391
EGAN00001503941,PV1152,PV1152_CD34.bam,EGAF00001654458
EGAN00001503941,PV1152,PV1152_DNA.bam,EGAF00001654459
EGAN00001503942,PV1156,PV1156_BMMNC.bam,EGAF00001577566
EGAN00001503942,PV1156,PV1156_DNA.bam,EGAF00001577567
EGAN00001503942,PV1156,PV1156_BMMNC.bam,EGAF00001622120
EGAN00001503942,PV1156,PV1156_BMMNC.bam,EGAF00001622144
EGAN00001503942,PV1156,PV1156_BMMNC.bam,EGAF00001654392
EGAN00001503942,PV1156,PV1156_DNA.bam,EGAF00001654393
EGAN00001503942,PV1156,PV1156_BMMNC.bam,EGAF00001654460
EGAN00001503942,PV1156,PV1156_DNA.bam,EGAF00001654461
EGAN00001503942,PV1156,PV1156_BMMNC.bam,EGAF00001681705
EGAN00001503943,PV1157,PV1157_BMMNC.bam,EGAF00001577568
EGAN00001503943,PV1157,PV1157_CD34.bam,EGAF00001577569
EGAN00001503943,PV1157,PV1157_DNA.bam,EGAF00001577570
EGAN00001503943,PV1157,PV1157_BMMNC.bam,EGAF00001622121
EGAN00001503943,PV1157,PV1157_BMMNC.bam,EGAF00001622145
EGAN00001503943,PV1157,PV1157_BMMNC.bam,EGAF00001654394
EGAN00001503943,PV1157,PV1157_CD34.bam,EGAF00001654395
EGAN00001503943,PV1157,PV1157_DNA.bam,EGAF00001654396
EGAN00001503943,PV1157,PV1157_BMMNC.bam,EGAF00001654462
EGAN00001503943,PV1157,PV1157_CD34.bam,EGAF00001654463
EGAN00001503943,PV1157,PV1157_DNA.bam,EGAF00001654464
EGAN00001503943,PV1157,PV1157_BMMNC.bam,EGAF00001681706
EGAN00001503944,PV1158,PV1158_CD34.bam,EGAF00001577571
EGAN00001503944,PV1158,PV1158_DNA.bam,EGAF00001577572
EGAN00001503944,PV1158,PV1158_CD34.bam,EGAF00001654397
EGAN00001503944,PV1158,PV1158_DNA.bam,EGAF00001654398
EGAN00001503944,PV1158,PV1158_CD34.bam,EGAF00001654465
EGAN00001503944,PV1158,PV1158_DNA.bam,EGAF00001654466
EGAN00001503945,PV1159,PV1159_BMMNC.bam,EGAF00001577573
EGAN00001503945,PV1159,PV1159_DNA.bam,EGAF00001577574
EGAN00001503945,PV1159,PV1159_BMMNC.bam,EGAF00001622122
EGAN00001503945,PV1159,PV1159_BMMNC.bam,EGAF00001622146
EGAN00001503945,PV1159,PV1159_BMMNC.bam,EGAF00001654467
EGAN00001503945,PV1159,PV1159_DNA.bam,EGAF00001654468
EGAN00001503945,PV1159,PV1159_BMMNC.bam,EGAF00001654541
EGAN00001503945,PV1159,PV1159_DNA.bam,EGAF00001654542
EGAN00001503945,PV1159,PV1159_BMMNC.bam,EGAF00001681707
EGAN00001503946,PV1166,PV1166_BMMNC.bam,EGAF00001577575
EGAN00001503946,PV1166,PV1166_CD34.bam,EGAF00001577576
EGAN00001503946,PV1166,PV1166_DNA.bam,EGAF00001577577
EGAN00001503946,PV1166,PV1166_BMMNC.bam,EGAF00001622123
EGAN00001503946,PV1166,PV1166_BMMNC.bam,EGAF00001622147
EGAN00001503946,PV1166,PV1166_BMMNC.bam,EGAF00001654469
EGAN00001503946,PV1166,PV1166_CD34.bam,EGAF00001654470
EGAN00001503946,PV1166,PV1166_DNA.bam,EGAF00001654471
EGAN00001503946,PV1166,PV1166_BMMNC.bam,EGAF00001654543
EGAN00001503946,PV1166,PV1166_CD34.bam,EGAF00001654544
EGAN00001503946,PV1166,PV1166_DNA.bam,EGAF00001654545
EGAN00001503946,PV1166,PV1166_BMMNC.bam,EGAF00001681708
EGAN00001503947,PV1168,PV1168_BMMNC.bam,EGAF00001577578
EGAN00001503947,PV1168,PV1168_DNA.bam,EGAF00001577579
EGAN00001503947,PV1168,PV1168_BMMNC.bam,EGAF00001622124
EGAN00001503947,PV1168,PV1168_BMMNC.bam,EGAF00001622148
EGAN00001503947,PV1168,PV1168_BMMNC.bam,EGAF00001654546
EGAN00001503947,PV1168,PV1168_DNA.bam,EGAF00001654547
EGAN00001503947,PV1168,PV1168_BMMNC.bam,EGAF00001654610
EGAN00001503947,PV1168,PV1168_DNA.bam,EGAF00001654611
EGAN00001503947,PV1168,PV1168_BMMNC.bam,EGAF00001681709
EGAN00001503948,PV1169,PV1169_DNA.bam,EGAF00001577581
EGAN00001503948,PV1169,PV1169_BMMNC.bam,EGAF00001622125
EGAN00001503948,PV1169,PV1169_BMMNC.bam,EGAF00001622149
EGAN00001503948,PV1169,PV1169_BMMNC.bam,EGAF00001654548
EGAN00001503948,PV1169,PV1169_DNA.bam,EGAF00001654549
EGAN00001503948,PV1169,PV1169_BMMNC.bam,EGAF00001654612
EGAN00001503948,PV1169,PV1169_DNA.bam,EGAF00001654613
EGAN00001503948,PV1169,PV1169_BMMNC.bam,EGAF00001681710
EGAN00001503949,PV1173,PV1173_BMMNC.bam,EGAF00001577582
EGAN00001503949,PV1173,PV1173_DNA.bam,EGAF00001577606
EGAN00001503949,PV1173,PV1173_BMMNC.bam,EGAF00001654550
EGAN00001503949,PV1173,PV1173_DNA.bam,EGAF00001654551
EGAN00001503949,PV1173,PV1173_BMMNC.bam,EGAF00001654614
EGAN00001503949,PV1173,PV1173_DNA.bam,EGAF00001654615
EGAN00001503950,PV1178,PV1178_CD34.bam,EGAF00001577607
EGAN00001503950,PV1178,PV1178_DNA.bam,EGAF00001577608
EGAN00001503950,PV1178,PV1178_CD34.bam,EGAF00001654552
EGAN00001503950,PV1178,PV1178_DNA.bam,EGAF00001654553
EGAN00001503950,PV1178,PV1178_CD34.bam,EGAF00001654616
EGAN00001503950,PV1178,PV1178_DNA.bam,EGAF00001654617
EGAN00001503951,PV1179,PV1179_BMMNC.bam,EGAF00001577609
EGAN00001503951,PV1179,PV1179_DNA.bam,EGAF00001577610
EGAN00001503951,PV1179,PV1179_BMMNC.bam,EGAF00001654554
EGAN00001503951,PV1179,PV1179_DNA.bam,EGAF00001654555
EGAN00001503951,PV1179,PV1179_BMMNC.bam,EGAF00001654618
EGAN00001503951,PV1179,PV1179_DNA.bam,EGAF00001654619
EGAN00001503952,PV118,PV118_CD34_CHX.bam,EGAF00001577619
EGAN00001503952,PV118,PV118_CD34_untreated.bam,EGAF00001577620
EGAN00001503952,PV118,PV118_day14.bam,EGAF00001577621
EGAN00001503952,PV118,PV118_day7.bam,EGAF00001577622
EGAN00001503952,PV118,PV118_CD34_CHX.bam,EGAF00001654628
EGAN00001503952,PV118,PV118_CD34_untreated.bam,EGAF00001654629
EGAN00001503952,PV118,PV118_day14.bam,EGAF00001654630
EGAN00001503952,PV118,PV118_day7.bam,EGAF00001654631
EGAN00001503952,PV118,PV118_CD34_CHX.bam,EGAF00001654702
EGAN00001503952,PV118,PV118_CD34_untreated.bam,EGAF00001654703
EGAN00001503952,PV118,PV118_day14.bam,EGAF00001654704
EGAN00001503952,PV118,PV118_day7.bam,EGAF00001654705
EGAN00001503953,PV1187,PV1187_BMMNC.bam,EGAF00001577611
EGAN00001503953,PV1187,PV1187_DNA.bam,EGAF00001577612
EGAN00001503953,PV1187,PV1187_BMMNC.bam,EGAF00001654556
EGAN00001503953,PV1187,PV1187_DNA.bam,EGAF00001654557
EGAN00001503953,PV1187,PV1187_BMMNC.bam,EGAF00001654620
EGAN00001503953,PV1187,PV1187_DNA.bam,EGAF00001654621
EGAN00001503954,PV1188,PV1188_BMMNC.bam,EGAF00001577613
EGAN00001503954,PV1188,PV1188_CD34.bam,EGAF00001577614
EGAN00001503954,PV1188,PV1188_DNA.bam,EGAF00001577615
EGAN00001503954,PV1188,PV1188_BMMNC.bam,EGAF00001654558
EGAN00001503954,PV1188,PV1188_CD34.bam,EGAF00001654559
EGAN00001503954,PV1188,PV1188_DNA.bam,EGAF00001654560
EGAN00001503954,PV1188,PV1188_BMMNC.bam,EGAF00001654622
EGAN00001503954,PV1188,PV1188_CD34.bam,EGAF00001654623
EGAN00001503954,PV1188,PV1188_DNA.bam,EGAF00001654624
EGAN00001503955,PV1189,PV1189_BMMNC.bam,EGAF00001577616
EGAN00001503955,PV1189,PV1189_CD34.bam,EGAF00001577617
EGAN00001503955,PV1189,PV1189_DNA.bam,EGAF00001577618
EGAN00001503955,PV1189,PV1189_BMMNC.bam,EGAF00001654561
EGAN00001503955,PV1189,PV1189_CD34.bam,EGAF00001654562
EGAN00001503955,PV1189,PV1189_DNA.bam,EGAF00001654563
EGAN00001503955,PV1189,PV1189_BMMNC.bam,EGAF00001654625
EGAN00001503955,PV1189,PV1189_CD34.bam,EGAF00001654626
EGAN00001503955,PV1189,PV1189_DNA.bam,EGAF00001654627
EGAN00001503956,PV1191,PV1191_BMMNC.bam,EGAF00001577623
EGAN00001503956,PV1191,PV1191_DNA.bam,EGAF00001577624
EGAN00001503956,PV1191,PV1191_BMMNC.bam,EGAF00001654632
EGAN00001503956,PV1191,PV1191_BMMNC.bam,EGAF00001654706
EGAN00001503956,PV1191,PV1191_DNA.bam,EGAF00001654707
EGAN00001503956,PV1191,PV1191_DNA.bam,EGAF00001654771
EGAN00001503957,PV1196,PV1196_BMMNC.bam,EGAF00001577625
EGAN00001503957,PV1196,PV1196_DNA.bam,EGAF00001577626
EGAN00001503957,PV1196,PV1196_BMMNC.bam,EGAF00001654708
EGAN00001503957,PV1196,PV1196_DNA.bam,EGAF00001654709
EGAN00001503957,PV1196,PV1196_BMMNC.bam,EGAF00001654772
EGAN00001503957,PV1196,PV1196_DNA.bam,EGAF00001654773
EGAN00001503958,PV1205,PV1205_BMMNC.bam,EGAF00001577627
EGAN00001503958,PV1205,PV1205_BMMNC.bam,EGAF00001654710
EGAN00001503958,PV1205,PV1205_BMMNC.bam,EGAF00001654774
EGAN00001503959,PV1206,PV1206_BMMNC.bam,EGAF00001577628
EGAN00001503959,PV1206,PV1206_DNA.bam,EGAF00001577652
EGAN00001503959,PV1206,PV1206_BMMNC.bam,EGAF00001654711
EGAN00001503959,PV1206,PV1206_DNA.bam,EGAF00001654712
EGAN00001503959,PV1206,PV1206_BMMNC.bam,EGAF00001654775
EGAN00001503959,PV1206,PV1206_DNA.bam,EGAF00001654776
EGAN00001503960,PV1209,PV1209_BMMNC.bam,EGAF00001577653
EGAN00001503960,PV1209,PV1209_BMMNC.bam,EGAF00001654713
EGAN00001503960,PV1209,PV1209_BMMNC.bam,EGAF00001654777
EGAN00001503961,PV121,PV121_BMMNC.bam,EGAF00001577660
EGAN00001503961,PV121,PV121_DNA.bam,EGAF00001577661
EGAN00001503961,PV121,PV121_BMMNC.bam,EGAF00001654720
EGAN00001503961,PV121,PV121_DNA.bam,EGAF00001654721
EGAN00001503961,PV121,PV121_BMMNC.bam,EGAF00001654784
EGAN00001503961,PV121,PV121_DNA.bam,EGAF00001654785
EGAN00001503962,PV1215,PV1215_BMMNC.bam,EGAF00001577654
EGAN00001503962,PV1215,PV1215_DNA.bam,EGAF00001577655
EGAN00001503962,PV1215,PV1215_BMMNC.bam,EGAF00001654714
EGAN00001503962,PV1215,PV1215_DNA.bam,EGAF00001654715
EGAN00001503962,PV1215,PV1215_BMMNC.bam,EGAF00001654778
EGAN00001503962,PV1215,PV1215_DNA.bam,EGAF00001654779
EGAN00001503963,PV1216,PV1216_BMMNC.bam,EGAF00001577656
EGAN00001503963,PV1216,PV1216_DNA.bam,EGAF00001577657
EGAN00001503963,PV1216,PV1216_BMMNC.bam,EGAF00001654716
EGAN00001503963,PV1216,PV1216_DNA.bam,EGAF00001654717
EGAN00001503963,PV1216,PV1216_BMMNC.bam,EGAF00001654780
EGAN00001503963,PV1216,PV1216_DNA.bam,EGAF00001654781
EGAN00001503964,PV1218,PV1218_BMMNC.bam,EGAF00001577658
EGAN00001503964,PV1218,PV1218_DNA.bam,EGAF00001577659
EGAN00001503964,PV1218,PV1218_BMMNC.bam,EGAF00001654718
EGAN00001503964,PV1218,PV1218_DNA.bam,EGAF00001654719
EGAN00001503964,PV1218,PV1218_BMMNC.bam,EGAF00001654782
EGAN00001503964,PV1218,PV1218_DNA.bam,EGAF00001654783
EGAN00001503965,PV1222,PV1222_BMMNC.bam,EGAF00001577662
EGAN00001503965,PV1222,PV1222_CD34.bam,EGAF00001577663
EGAN00001503965,PV1222,PV1222_DNA.bam,EGAF00001577664
EGAN00001503965,PV1222,PV1222_BMMNC.bam,EGAF00001654722
EGAN00001503965,PV1222,PV1222_CD34.bam,EGAF00001654723
EGAN00001503965,PV1222,PV1222_DNA.bam,EGAF00001654724
EGAN00001503965,PV1222,PV1222_BMMNC.bam,EGAF00001654786
EGAN00001503965,PV1222,PV1222_CD34.bam,EGAF00001654787
EGAN00001503965,PV1222,PV1222_DNA.bam,EGAF00001654788
EGAN00001503966,PV1236,PV1236_BMMNC.bam,EGAF00001577665
EGAN00001503966,PV1236,PV1236_DNA.bam,EGAF00001577666
EGAN00001503966,PV1236,PV1236_BMMNC.bam,EGAF00001654789
EGAN00001503966,PV1236,PV1236_DNA.bam,EGAF00001654790
EGAN00001503966,PV1236,PV1236_BMMNC.bam,EGAF00001654840
EGAN00001503966,PV1236,PV1236_DNA.bam,EGAF00001654841
EGAN00001503967,PV1237,PV1237_BMMNC.bam,EGAF00001577667
EGAN00001503967,PV1237,PV1237_DNA.bam,EGAF00001577668
EGAN00001503967,PV1237,PV1237_BMMNC.bam,EGAF00001654791
EGAN00001503967,PV1237,PV1237_DNA.bam,EGAF00001654792
EGAN00001503967,PV1237,PV1237_BMMNC.bam,EGAF00001654842
EGAN00001503967,PV1237,PV1237_DNA.bam,EGAF00001654843
EGAN00001503968,PV1238,PV1238_BMMNC.bam,EGAF00001577669
EGAN00001503968,PV1238,PV1238_CD34.bam,EGAF00001577670
EGAN00001503968,PV1238,PV1238_DNA.bam,EGAF00001577671
EGAN00001503968,PV1238,PV1238_CD34.bam,EGAF00001654052
EGAN00001503968,PV1238,PV1238_DNA.bam,EGAF00001654053
EGAN00001503968,PV1238,PV1238_BMMNC.bam,EGAF00001654793
EGAN00001503968,PV1238,PV1238_BMMNC.bam,EGAF00001654844
EGAN00001503968,PV1238,PV1238_CD34.bam,EGAF00001654845
EGAN00001503968,PV1238,PV1238_DNA.bam,EGAF00001654846
EGAN00001503969,PV1261,PV1261_BMMNC.bam,EGAF00001577672
EGAN00001503969,PV1261,PV1261_DNA.bam,EGAF00001577673
EGAN00001503969,PV1261,PV1261_BMMNC.bam,EGAF00001654054
EGAN00001503969,PV1261,PV1261_DNA.bam,EGAF00001654055
EGAN00001503969,PV1261,PV1261_BMMNC.bam,EGAF00001654847
EGAN00001503969,PV1261,PV1261_DNA.bam,EGAF00001654848
EGAN00001503970,PV1263,PV1263_CD34.bam,EGAF00001577674
EGAN00001503970,PV1263,PV1263_DNA.bam,EGAF00001577675
EGAN00001503970,PV1263,PV1263_CD34.bam,EGAF00001654056
EGAN00001503970,PV1263,PV1263_DNA.bam,EGAF00001654057
EGAN00001503970,PV1263,PV1263_CD34.bam,EGAF00001654849
EGAN00001503970,PV1263,PV1263_DNA.bam,EGAF00001654850
EGAN00001503971,PV1266,PV1266_BMMNC.bam,EGAF00001577676
EGAN00001503971,PV1266,PV1266_DNA.bam,EGAF00001577677
EGAN00001503971,PV1266,PV1266_BMMNC.bam,EGAF00001654058
EGAN00001503971,PV1266,PV1266_DNA.bam,EGAF00001654059
EGAN00001503971,PV1266,PV1266_BMMNC.bam,EGAF00001654851
EGAN00001503971,PV1266,PV1266_DNA.bam,EGAF00001654852
EGAN00001503972,PV1271,PV1271_BMMNC.bam,EGAF00001577678
EGAN00001503972,PV1271,PV1271_DNA.bam,EGAF00001577679
EGAN00001503972,PV1271,PV1271_BMMNC.bam,EGAF00001654060
EGAN00001503972,PV1271,PV1271_DNA.bam,EGAF00001654061
EGAN00001503972,PV1271,PV1271_BMMNC.bam,EGAF00001654853
EGAN00001503972,PV1271,PV1271_DNA.bam,EGAF00001654854
EGAN00001503973,PV1272,PV1272_CD34.bam,EGAF00001577680
EGAN00001503973,PV1272,PV1272_DNA.bam,EGAF00001577681
EGAN00001503973,PV1272,PV1272_CD34.bam,EGAF00001654062
EGAN00001503973,PV1272,PV1272_DNA.bam,EGAF00001654063
EGAN00001503973,PV1272,PV1272_CD34.bam,EGAF00001654855
EGAN00001503973,PV1272,PV1272_DNA.bam,EGAF00001654856
EGAN00001503974,PV1273,PV1273_CD34.bam,EGAF00001577682
EGAN00001503974,PV1273,PV1273_DNA.bam,EGAF00001577683
EGAN00001503974,PV1273,PV1273_CD34.bam,EGAF00001654064
EGAN00001503974,PV1273,PV1273_DNA.bam,EGAF00001654065
EGAN00001503974,PV1273,PV1273_CD34.bam,EGAF00001654857
EGAN00001503974,PV1273,PV1273_DNA.bam,EGAF00001654858
EGAN00001503975,PV1276,PV1276_BMMNC.bam,EGAF00001577684
EGAN00001503975,PV1276,PV1276_CD34.bam,EGAF00001577685
EGAN00001503975,PV1276,PV1276_DNA.bam,EGAF00001577686
EGAN00001503975,PV1276,PV1276_BMMNC.bam,EGAF00001654066
EGAN00001503975,PV1276,PV1276_CD34.bam,EGAF00001654067
EGAN00001503975,PV1276,PV1276_DNA.bam,EGAF00001654068
EGAN00001503975,PV1276,PV1276_BMMNC.bam,EGAF00001654859
EGAN00001503975,PV1276,PV1276_CD34.bam,EGAF00001654860
EGAN00001503975,PV1276,PV1276_DNA.bam,EGAF00001654861
EGAN00001503976,PV1284,PV1284_BMMNC.bam,EGAF00001577687
EGAN00001503976,PV1284,PV1284_CD34.bam,EGAF00001577688
EGAN00001503976,PV1284,PV1284_DNA.bam,EGAF00001577689
EGAN00001503976,PV1284,PV1284_BMMNC.bam,EGAF00001654069
EGAN00001503976,PV1284,PV1284_CD34.bam,EGAF00001654070
EGAN00001503976,PV1284,PV1284_DNA.bam,EGAF00001654071
EGAN00001503976,PV1284,PV1284_BMMNC.bam,EGAF00001654862
EGAN00001503976,PV1284,PV1284_CD34.bam,EGAF00001654970
EGAN00001503976,PV1284,PV1284_DNA.bam,EGAF00001654971
EGAN00001503977,PV1286,PV1286_BMMNC_CHX.bam,EGAF00001577690
EGAN00001503977,PV1286,PV1286_BMMNC_untreated.bam,EGAF00001577691
EGAN00001503977,PV1286,PV1286_BMMNC_CHX.bam,EGAF00001654072
EGAN00001503977,PV1286,PV1286_BMMNC_untreated.bam,EGAF00001654073
EGAN00001503977,PV1286,PV1286_BMMNC_CHX.bam,EGAF00001654972
EGAN00001503977,PV1286,PV1286_BMMNC_untreated.bam,EGAF00001654973
EGAN00001503978,PV1295,PV1295_BMMNC.bam,EGAF00001577692
EGAN00001503978,PV1295,PV1295_BMMNC.bam,EGAF00001654074
EGAN00001503978,PV1295,PV1295_BMMNC.bam,EGAF00001654974
EGAN00001503979,PV1297,PV1297_BMMNC.bam,EGAF00001577693
EGAN00001503979,PV1297,PV1297_BMMNC.bam,EGAF00001654098
EGAN00001503979,PV1297,PV1297_BMMNC.bam,EGAF00001654975
EGAN00001503980,PV1303,PV1303_CD34.bam,EGAF00001577694
EGAN00001503980,PV1303,PV1303_DNA.bam,EGAF00001577695
EGAN00001503980,PV1303,PV1303_CD34.bam,EGAF00001654099
EGAN00001503980,PV1303,PV1303_DNA.bam,EGAF00001654100
EGAN00001503980,PV1303,PV1303_CD34.bam,EGAF00001654976
EGAN00001503980,PV1303,PV1303_DNA.bam,EGAF00001654977
EGAN00001503981,PV1313,PV1313_BMMNC.bam,EGAF00001577696
EGAN00001503981,PV1313,PV1313_DNA.bam,EGAF00001577697
EGAN00001503981,PV1313,PV1313_BMMNC.bam,EGAF00001654101
EGAN00001503981,PV1313,PV1313_DNA.bam,EGAF00001654102
EGAN00001503981,PV1313,PV1313_BMMNC.bam,EGAF00001654978
EGAN00001503981,PV1313,PV1313_DNA.bam,EGAF00001654979
EGAN00001503982,PV1314,PV1314_BMMNC.bam,EGAF00001577698
EGAN00001503982,PV1314,PV1314_DNA.bam,EGAF00001577699
EGAN00001503982,PV1314,PV1314_BMMNC.bam,EGAF00001654103
EGAN00001503982,PV1314,PV1314_DNA.bam,EGAF00001654104
EGAN00001503982,PV1314,PV1314_BMMNC.bam,EGAF00001654980
EGAN00001503982,PV1314,PV1314_DNA.bam,EGAF00001654981
EGAN00001503983,PV1315,PV1315_BMMNC.bam,EGAF00001577700
EGAN00001503983,PV1315,PV1315_DNA.bam,EGAF00001577701
EGAN00001503983,PV1315,PV1315_BMMNC.bam,EGAF00001654105
EGAN00001503983,PV1315,PV1315_DNA.bam,EGAF00001654175
EGAN00001503983,PV1315,PV1315_BMMNC.bam,EGAF00001654982
EGAN00001503983,PV1315,PV1315_DNA.bam,EGAF00001654983
EGAN00001503984,PV1319,PV1319_BMMNC.bam,EGAF00001577702
EGAN00001503984,PV1319,PV1319_DNA.bam,EGAF00001577703
EGAN00001503984,PV1319,PV1319_BMMNC.bam,EGAF00001654176
EGAN00001503984,PV1319,PV1319_DNA.bam,EGAF00001654177
EGAN00001503984,PV1319,PV1319_BMMNC.bam,EGAF00001654984
EGAN00001503984,PV1319,PV1319_DNA.bam,EGAF00001654985
EGAN00001503985,PV1321,PV1321_BMMNC.bam,EGAF00001577704
EGAN00001503985,PV1321,PV1321_DNA.bam,EGAF00001577705
EGAN00001503985,PV1321,PV1321_BMMNC.bam,EGAF00001654178
EGAN00001503985,PV1321,PV1321_DNA.bam,EGAF00001654179
EGAN00001503985,PV1321,PV1321_BMMNC.bam,EGAF00001654986
EGAN00001503985,PV1321,PV1321_DNA.bam,EGAF00001654987
EGAN00001503986,PV1323,PV1323_CD34.bam,EGAF00001577706
EGAN00001503986,PV1323,PV1323_DNA.bam,EGAF00001577707
EGAN00001503986,PV1323,PV1323_CD34.bam,EGAF00001654180
EGAN00001503986,PV1323,PV1323_DNA.bam,EGAF00001654181
EGAN00001503986,PV1323,PV1323_CD34.bam,EGAF00001654988
EGAN00001503986,PV1323,PV1323_DNA.bam,EGAF00001654989
EGAN00001503987,PV1325,PV1325_CD34.bam,EGAF00001577708
EGAN00001503987,PV1325,PV1325_DNA.bam,EGAF00001577709
EGAN00001503987,PV1325,PV1325_CD34.bam,EGAF00001654182
EGAN00001503987,PV1325,PV1325_DNA.bam,EGAF00001654183
EGAN00001503987,PV1325,PV1325_CD34.bam,EGAF00001654990
EGAN00001503987,PV1325,PV1325_DNA.bam,EGAF00001654991
EGAN00001503988,PV1326,PV1326_BMMNC.bam,EGAF00001577710
EGAN00001503988,PV1326,PV1326_DNA.bam,EGAF00001577711
EGAN00001503988,PV1326,PV1326_BMMNC.bam,EGAF00001654184
EGAN00001503988,PV1326,PV1326_DNA.bam,EGAF00001654185
EGAN00001503988,PV1326,PV1326_BMMNC.bam,EGAF00001654992
EGAN00001503988,PV1326,PV1326_DNA.bam,EGAF00001655062
EGAN00001503989,PV1329,PV1329_BMMNC.bam,EGAF00001577716
EGAN00001503989,PV1329,PV1329_DNA.bam,EGAF00001577717
EGAN00001503989,PV1329,PV1329_BMMNC.bam,EGAF00001654186
EGAN00001503989,PV1329,PV1329_DNA.bam,EGAF00001654187
EGAN00001503989,PV1329,PV1329_BMMNC.bam,EGAF00001655063
EGAN00001503989,PV1329,PV1329_DNA.bam,EGAF00001655064
EGAN00001503990,PV1334,PV1334_CD34.bam,EGAF00001577718
EGAN00001503990,PV1334,PV1334_DNA.bam,EGAF00001577719
EGAN00001503990,PV1334,PV1334_CD34.bam,EGAF00001654188
EGAN00001503990,PV1334,PV1334_DNA.bam,EGAF00001654189
EGAN00001503990,PV1334,PV1334_CD34.bam,EGAF00001655065
EGAN00001503990,PV1334,PV1334_DNA.bam,EGAF00001655066
EGAN00001503991,PV1336,PV1336_CD34.bam,EGAF00001577720
EGAN00001503991,PV1336,PV1336_DNA.bam,EGAF00001577721
EGAN00001503991,PV1336,PV1336_CD34.bam,EGAF00001654190
EGAN00001503991,PV1336,PV1336_DNA.bam,EGAF00001654191
EGAN00001503991,PV1336,PV1336_CD34.bam,EGAF00001655067
EGAN00001503991,PV1336,PV1336_DNA.bam,EGAF00001655068
EGAN00001503992,PV1341,PV1341_BMMNC.bam,EGAF00001577722
EGAN00001503992,PV1341,PV1341_BMMNC.bam,EGAF00001654307
EGAN00001503992,PV1341,PV1341_BMMNC.bam,EGAF00001655069
EGAN00001503993,PV1345,PV1345_CD34.bam,EGAF00001577723
EGAN00001503993,PV1345,PV1345_DNA.bam,EGAF00001577724
EGAN00001503993,PV1345,PV1345_CD34.bam,EGAF00001654308
EGAN00001503993,PV1345,PV1345_DNA.bam,EGAF00001654309
EGAN00001503993,PV1345,PV1345_CD34.bam,EGAF00001655070
EGAN00001503993,PV1345,PV1345_DNA.bam,EGAF00001655071
EGAN00001503994,PV1346,PV1346_BMMNC.bam,EGAF00001577725
EGAN00001503994,PV1346,PV1346_BMMNC.bam,EGAF00001654310
EGAN00001503994,PV1346,PV1346_BMMNC.bam,EGAF00001655072
EGAN00001503995,PV1349,PV1349_BMMNC.bam,EGAF00001577726
EGAN00001503995,PV1349,PV1349_CD34.bam,EGAF00001577727
EGAN00001503995,PV1349,PV1349_DNA.bam,EGAF00001577728
EGAN00001503995,PV1349,PV1349_BMMNC.bam,EGAF00001622126
EGAN00001503995,PV1349,PV1349_BMMNC.bam,EGAF00001622150
EGAN00001503995,PV1349,PV1349_BMMNC.bam,EGAF00001654311
EGAN00001503995,PV1349,PV1349_CD34.bam,EGAF00001654312
EGAN00001503995,PV1349,PV1349_DNA.bam,EGAF00001654313
EGAN00001503995,PV1349,PV1349_BMMNC.bam,EGAF00001655073
EGAN00001503995,PV1349,PV1349_CD34.bam,EGAF00001655074
EGAN00001503995,PV1349,PV1349_DNA.bam,EGAF00001655075
EGAN00001503995,PV1349,PV1349_BMMNC.bam,EGAF00001681711
EGAN00001503996,PV1350,PV1350_CD34.bam,EGAF00001577729
EGAN00001503996,PV1350,PV1350_DNA.bam,EGAF00001577730
EGAN00001503996,PV1350,PV1350_CD34.bam,EGAF00001654314
EGAN00001503996,PV1350,PV1350_DNA.bam,EGAF00001654315
EGAN00001503996,PV1350,PV1350_CD34.bam,EGAF00001655076
EGAN00001503996,PV1350,PV1350_DNA.bam,EGAF00001655077
EGAN00001503997,PV1351,PV1351_CD34.bam,EGAF00001577731
EGAN00001503997,PV1351,PV1351_DNA.bam,EGAF00001577732
EGAN00001503997,PV1351,PV1351_BMMNC.bam,EGAF00001578135
EGAN00001503997,PV1351,PV1351_BMMNC.bam,EGAF00001654316
EGAN00001503997,PV1351,PV1351_CD34.bam,EGAF00001654317
EGAN00001503997,PV1351,PV1351_DNA.bam,EGAF00001654318
EGAN00001503997,PV1351,PV1351_BMMNC.bam,EGAF00001655078
EGAN00001503997,PV1351,PV1351_CD34.bam,EGAF00001655079
EGAN00001503997,PV1351,PV1351_DNA.bam,EGAF00001655080
EGAN00001503998,PV1353,PV1353_BMMNC.bam,EGAF00001577733
EGAN00001503998,PV1353,PV1353_BMMNC.bam,EGAF00001654319
EGAN00001503998,PV1353,PV1353_BMMNC.bam,EGAF00001655081
EGAN00001503999,PV1354,PV1354_BMMNC_CHX.bam,EGAF00001577734
EGAN00001503999,PV1354,PV1354_BMMNC_untreated.bam,EGAF00001577735
EGAN00001503999,PV1354,PV1354_BMMNC_CHX.bam,EGAF00001654320
EGAN00001503999,PV1354,PV1354_BMMNC_untreated.bam,EGAF00001654321
EGAN00001503999,PV1354,PV1354_BMMNC_CHX.bam,EGAF00001655082
EGAN00001503999,PV1354,PV1354_BMMNC_untreated.bam,EGAF00001655083
EGAN00001504000,PV1355,PV1355_BMMNC.bam,EGAF00001577736
EGAN00001504000,PV1355,PV1355_DNA.bam,EGAF00001577737
EGAN00001504000,PV1355,PV1355_DNA.bam,EGAF00001654261
EGAN00001504000,PV1355,PV1355_BMMNC.bam,EGAF00001654322
EGAN00001504000,PV1355,PV1355_DNA.bam,EGAF00001654323
EGAN00001504000,PV1355,PV1355_BMMNC.bam,EGAF00001655084
EGAN00001504001,PV1357,PV1357_BMMNC.bam,EGAF00001577738
EGAN00001504001,PV1357,PV1357_DNA.bam,EGAF00001577743
EGAN00001504001,PV1357,PV1357_BMMNC.bam,EGAF00001654262
EGAN00001504001,PV1357,PV1357_DNA.bam,EGAF00001654263
EGAN00001504001,PV1357,PV1357_BMMNC.bam,EGAF00001654324
EGAN00001504001,PV1357,PV1357_DNA.bam,EGAF00001654325
EGAN00001504002,PV1358,PV1358_BMMNC.bam,EGAF00001577744
EGAN00001504002,PV1358,PV1358_DNA.bam,EGAF00001577745
EGAN00001504002,PV1358,PV1358_BMMNC.bam,EGAF00001654264
EGAN00001504002,PV1358,PV1358_DNA.bam,EGAF00001654265
EGAN00001504002,PV1358,PV1358_BMMNC.bam,EGAF00001654326
EGAN00001504002,PV1358,PV1358_DNA.bam,EGAF00001654327
EGAN00001504003,PV1359,PV1359_BMMNC.bam,EGAF00001577746
EGAN00001504003,PV1359,PV1359_BMMNC.bam,EGAF00001654266
EGAN00001504003,PV1359,PV1359_BMMNC.bam,EGAF00001654328
EGAN00001504004,PV1364,PV1364_BMMNC.bam,EGAF00001577747
EGAN00001504004,PV1364,PV1364_BMMNC.bam,EGAF00001654267
EGAN00001504004,PV1364,PV1364_BMMNC.bam,EGAF00001654329
EGAN00001504005,PV1365,PV1365_CD34.bam,EGAF00001577748
EGAN00001504005,PV1365,PV1365_DNA.bam,EGAF00001577749
EGAN00001504005,PV1365,PV1365_CD34.bam,EGAF00001654268
EGAN00001504005,PV1365,PV1365_DNA.bam,EGAF00001654269
EGAN00001504005,PV1365,PV1365_CD34.bam,EGAF00001654472
EGAN00001504005,PV1365,PV1365_DNA.bam,EGAF00001654473
EGAN00001504006,PV1366,PV1366_BMMNC.bam,EGAF00001577750
EGAN00001504006,PV1366,PV1366_CD34.bam,EGAF00001577751
EGAN00001504006,PV1366,PV1366_DNA.bam,EGAF00001577752
EGAN00001504006,PV1366,PV1366_BMMNC.bam,EGAF00001654270
EGAN00001504006,PV1366,PV1366_CD34.bam,EGAF00001654271
EGAN00001504006,PV1366,PV1366_DNA.bam,EGAF00001654272
EGAN00001504006,PV1366,PV1366_BMMNC.bam,EGAF00001654474
EGAN00001504006,PV1366,PV1366_CD34.bam,EGAF00001654475
EGAN00001504006,PV1366,PV1366_DNA.bam,EGAF00001654476
EGAN00001504007,PV1370,PV1370_BMMNC.bam,EGAF00001577753
EGAN00001504007,PV1370,PV1370_DNA.bam,EGAF00001577754
EGAN00001504007,PV1370,PV1370_BMMNC.bam,EGAF00001654273
EGAN00001504007,PV1370,PV1370_DNA.bam,EGAF00001654274
EGAN00001504007,PV1370,PV1370_BMMNC.bam,EGAF00001654477
EGAN00001504007,PV1370,PV1370_DNA.bam,EGAF00001654478
EGAN00001504008,PV1380,PV1380_BMMNC.bam,EGAF00001577755
EGAN00001504008,PV1380,PV1380_DNA.bam,EGAF00001577756
EGAN00001504008,PV1380,PV1380_BMMNC.bam,EGAF00001654275
EGAN00001504008,PV1380,PV1380_DNA.bam,EGAF00001654276
EGAN00001504008,PV1380,PV1380_BMMNC.bam,EGAF00001654479
EGAN00001504008,PV1380,PV1380_DNA.bam,EGAF00001654480
EGAN00001504009,PV1383,PV1383_BMMNC.bam,EGAF00001577757
EGAN00001504009,PV1383,PV1383_DNA.bam,EGAF00001577758
EGAN00001504009,PV1383,PV1383_BMMNC.bam,EGAF00001654277
EGAN00001504009,PV1383,PV1383_DNA.bam,EGAF00001654278
EGAN00001504009,PV1383,PV1383_BMMNC.bam,EGAF00001654481
EGAN00001504009,PV1383,PV1383_DNA.bam,EGAF00001654482
EGAN00001504010,PV1384,PV1384_BMMNC.bam,EGAF00001577759
EGAN00001504010,PV1384,PV1384_BMMNC.bam,EGAF00001654279
EGAN00001504010,PV1384,PV1384_BMMNC.bam,EGAF00001654483
EGAN00001504011,PV1385,PV1385_BMMNC.bam,EGAF00001577760
EGAN00001504011,PV1385,PV1385_BMMNC.bam,EGAF00001654280
EGAN00001504011,PV1385,PV1385_BMMNC.bam,EGAF00001654484
EGAN00001504012,PV1388,PV1388_CD34.bam,EGAF00001577761
EGAN00001504012,PV1388,PV1388_DNA.bam,EGAF00001577762
EGAN00001504012,PV1388,PV1388_CD34.bam,EGAF00001654281
EGAN00001504012,PV1388,PV1388_DNA.bam,EGAF00001654282
EGAN00001504012,PV1388,PV1388_CD34.bam,EGAF00001654485
EGAN00001504012,PV1388,PV1388_DNA.bam,EGAF00001654486
EGAN00001504013,PV1389,PV1389_CD34.bam,EGAF00001577763
EGAN00001504013,PV1389,PV1389_DNA.bam,EGAF00001577764
EGAN00001504013,PV1389,PV1389_CD34.bam,EGAF00001654283
EGAN00001504013,PV1389,PV1389_DNA.bam,EGAF00001654399
EGAN00001504013,PV1389,PV1389_CD34.bam,EGAF00001654487
EGAN00001504013,PV1389,PV1389_DNA.bam,EGAF00001654488
EGAN00001504014,PV1391,PV1391_BMMNC.bam,EGAF00001577765
EGAN00001504014,PV1391,PV1391_BMMNC.bam,EGAF00001654400
EGAN00001504014,PV1391,PV1391_BMMNC.bam,EGAF00001654489
EGAN00001504015,PV1394,PV1394_CD34.bam,EGAF00001577770
EGAN00001504015,PV1394,PV1394_DNA.bam,EGAF00001577771
EGAN00001504015,PV1394,PV1394_CD34.bam,EGAF00001654401
EGAN00001504015,PV1394,PV1394_DNA.bam,EGAF00001654402
EGAN00001504015,PV1394,PV1394_CD34.bam,EGAF00001654490
EGAN00001504015,PV1394,PV1394_DNA.bam,EGAF00001654491
EGAN00001504016,PV1395,PV1395_BMMNC.bam,EGAF00001577772
EGAN00001504016,PV1395,PV1395_DNA.bam,EGAF00001577773
EGAN00001504016,PV1395,PV1395_BMMNC.bam,EGAF00001654403
EGAN00001504016,PV1395,PV1395_DNA.bam,EGAF00001654404
EGAN00001504016,PV1395,PV1395_BMMNC.bam,EGAF00001654492
EGAN00001504016,PV1395,PV1395_DNA.bam,EGAF00001654493
EGAN00001504017,PV1397,PV1397_BMMNC.bam,EGAF00001577774
EGAN00001504017,PV1397,PV1397_DNA.bam,EGAF00001577775
EGAN00001504017,PV1397,PV1397_BMMNC.bam,EGAF00001654405
EGAN00001504017,PV1397,PV1397_DNA.bam,EGAF00001654406
EGAN00001504017,PV1397,PV1397_BMMNC.bam,EGAF00001654494
EGAN00001504017,PV1397,PV1397_DNA.bam,EGAF00001654633
EGAN00001504018,PV1403,PV1403_BMMNC.bam,EGAF00001577776
EGAN00001504018,PV1403,PV1403_CD34.bam,EGAF00001577777
EGAN00001504018,PV1403,PV1403_DNA.bam,EGAF00001577778
EGAN00001504018,PV1403,PV1403_BMMNC.bam,EGAF00001654407
EGAN00001504018,PV1403,PV1403_CD34.bam,EGAF00001654408
EGAN00001504018,PV1403,PV1403_DNA.bam,EGAF00001654409
EGAN00001504018,PV1403,PV1403_BMMNC.bam,EGAF00001654634
EGAN00001504018,PV1403,PV1403_CD34.bam,EGAF00001654635
EGAN00001504018,PV1403,PV1403_DNA.bam,EGAF00001654636
EGAN00001504019,PV1404,PV1404_BMMNC.bam,EGAF00001577779
EGAN00001504019,PV1404,PV1404_BMMNC.bam,EGAF00001654410
EGAN00001504019,PV1404,PV1404_BMMNC.bam,EGAF00001654637
EGAN00001504020,PV1406,PV1406_BMMNC.bam,EGAF00001577780
EGAN00001504020,PV1406,PV1406_CD34.bam,EGAF00001577781
EGAN00001504020,PV1406,PV1406_DNA.bam,EGAF00001577782
EGAN00001504020,PV1406,PV1406_BMMNC.bam,EGAF00001654411
EGAN00001504020,PV1406,PV1406_CD34.bam,EGAF00001654412
EGAN00001504020,PV1406,PV1406_DNA.bam,EGAF00001654413
EGAN00001504020,PV1406,PV1406_BMMNC.bam,EGAF00001654638
EGAN00001504020,PV1406,PV1406_CD34.bam,EGAF00001654639
EGAN00001504020,PV1406,PV1406_DNA.bam,EGAF00001654640
EGAN00001504021,PV1407,PV1407_CD34.bam,EGAF00001577783
EGAN00001504021,PV1407,PV1407_DNA.bam,EGAF00001577784
EGAN00001504021,PV1407,PV1407_CD34.bam,EGAF00001654414
EGAN00001504021,PV1407,PV1407_DNA.bam,EGAF00001654415
EGAN00001504021,PV1407,PV1407_CD34.bam,EGAF00001654641
EGAN00001504021,PV1407,PV1407_DNA.bam,EGAF00001654642
EGAN00001504022,PV1408,PV1408_CD34.bam,EGAF00001577785
EGAN00001504022,PV1408,PV1408_DNA.bam,EGAF00001577786
EGAN00001504022,PV1408,PV1408_CD34.bam,EGAF00001654416
EGAN00001504022,PV1408,PV1408_DNA.bam,EGAF00001654417
EGAN00001504022,PV1408,PV1408_CD34.bam,EGAF00001654643
EGAN00001504022,PV1408,PV1408_DNA.bam,EGAF00001654644
EGAN00001504023,PV1413,PV1413_CD34.bam,EGAF00001577787
EGAN00001504023,PV1413,PV1413_DNA.bam,EGAF00001577788
EGAN00001504023,PV1413,PV1413_CD34.bam,EGAF00001654418
EGAN00001504023,PV1413,PV1413_DNA.bam,EGAF00001654419
EGAN00001504023,PV1413,PV1413_CD34.bam,EGAF00001654645
EGAN00001504023,PV1413,PV1413_DNA.bam,EGAF00001654646
EGAN00001504024,PV1422,PV1422_CD34.bam,EGAF00001577789
EGAN00001504024,PV1422,PV1422_DNA.bam,EGAF00001577790
EGAN00001504024,PV1422,PV1422_CD34.bam,EGAF00001654420
EGAN00001504024,PV1422,PV1422_DNA.bam,EGAF00001654421
EGAN00001504024,PV1422,PV1422_CD34.bam,EGAF00001654647
EGAN00001504024,PV1422,PV1422_DNA.bam,EGAF00001654648
EGAN00001504025,PV1424,PV1424_CD34.bam,EGAF00001577791
EGAN00001504025,PV1424,PV1424_DNA.bam,EGAF00001577792
EGAN00001504025,PV1424,PV1424_CD34.bam,EGAF00001654564
EGAN00001504025,PV1424,PV1424_DNA.bam,EGAF00001654565
EGAN00001504025,PV1424,PV1424_CD34.bam,EGAF00001654649
EGAN00001504025,PV1424,PV1424_DNA.bam,EGAF00001654650
EGAN00001504026,PV1427,PV1427_CD34.bam,EGAF00001577797
EGAN00001504026,PV1427,PV1427_DNA.bam,EGAF00001577798
EGAN00001504026,PV1427,PV1427_CD34.bam,EGAF00001654566
EGAN00001504026,PV1427,PV1427_DNA.bam,EGAF00001654567
EGAN00001504026,PV1427,PV1427_CD34.bam,EGAF00001654651
EGAN00001504026,PV1427,PV1427_DNA.bam,EGAF00001654652
EGAN00001504027,PV1429,PV1429_BMMNC.bam,EGAF00001577799
EGAN00001504027,PV1429,PV1429_BMMNC.bam,EGAF00001654568
EGAN00001504027,PV1429,PV1429_BMMNC.bam,EGAF00001654653
EGAN00001504028,PV1431,PV1431_CD34.bam,EGAF00001577800
EGAN00001504028,PV1431,PV1431_DNA.bam,EGAF00001577801
EGAN00001504028,PV1431,PV1431_CD34.bam,EGAF00001654569
EGAN00001504028,PV1431,PV1431_DNA.bam,EGAF00001654570
EGAN00001504028,PV1431,PV1431_CD34.bam,EGAF00001654654
EGAN00001504028,PV1431,PV1431_DNA.bam,EGAF00001654655
EGAN00001504029,PV1432,PV1432_CD34.bam,EGAF00001577802
EGAN00001504029,PV1432,PV1432_DNA.bam,EGAF00001577803
EGAN00001504029,PV1432,PV1432_CD34.bam,EGAF00001654571
EGAN00001504029,PV1432,PV1432_DNA.bam,EGAF00001654572
EGAN00001504029,PV1432,PV1432_CD34.bam,EGAF00001654909
EGAN00001504029,PV1432,PV1432_DNA.bam,EGAF00001654910
EGAN00001504030,PV1434,PV1434_CD34.bam,EGAF00001577804
EGAN00001504030,PV1434,PV1434_DNA.bam,EGAF00001577805
EGAN00001504030,PV1434,PV1434_CD34.bam,EGAF00001654573
EGAN00001504030,PV1434,PV1434_DNA.bam,EGAF00001654574
EGAN00001504030,PV1434,PV1434_CD34.bam,EGAF00001654911
EGAN00001504030,PV1434,PV1434_DNA.bam,EGAF00001654912
EGAN00001504031,PV1437,PV1437_BMMNC.bam,EGAF00001577806
EGAN00001504031,PV1437,PV1437_DNA.bam,EGAF00001577807
EGAN00001504031,PV1437,PV1437_BMMNC.bam,EGAF00001654575
EGAN00001504031,PV1437,PV1437_DNA.bam,EGAF00001654576
EGAN00001504031,PV1437,PV1437_BMMNC.bam,EGAF00001654913
EGAN00001504031,PV1437,PV1437_DNA.bam,EGAF00001654914
EGAN00001504032,PV1440,PV1440_BMMNC.bam,EGAF00001577808
EGAN00001504032,PV1440,PV1440_BMMNC.bam,EGAF00001654577
EGAN00001504032,PV1440,PV1440_BMMNC.bam,EGAF00001654915
EGAN00001504033,PV1444,PV1444_BMMNC.bam,EGAF00001577809
EGAN00001504033,PV1444,PV1444_BMMNC.bam,EGAF00001654578
EGAN00001504033,PV1444,PV1444_BMMNC.bam,EGAF00001654916
EGAN00001504034,PV1445,PV1445_BMMNC.bam,EGAF00001577810
EGAN00001504034,PV1445,PV1445_BMMNC.bam,EGAF00001654579
EGAN00001504034,PV1445,PV1445_BMMNC.bam,EGAF00001654917
EGAN00001504035,PV1446,PV1446_BMMNC.bam,EGAF00001577811
EGAN00001504035,PV1446,PV1446_BMMNC.bam,EGAF00001654580
EGAN00001504035,PV1446,PV1446_BMMNC.bam,EGAF00001654918
EGAN00001504036,PV1448,PV1448_BMMNC.bam,EGAF00001577812
EGAN00001504036,PV1448,PV1448_BMMNC.bam,EGAF00001654581
EGAN00001504036,PV1448,PV1448_BMMNC.bam,EGAF00001654919
EGAN00001504037,PV1451,PV1451_BMMNC.bam,EGAF00001577813
EGAN00001504037,PV1451,PV1451_BMMNC.bam,EGAF00001654582
EGAN00001504037,PV1451,PV1451_BMMNC.bam,EGAF00001654920
EGAN00001504038,PV1452,PV1452_BMMNC.bam,EGAF00001577814
EGAN00001504038,PV1452,PV1452_DNA.bam,EGAF00001577815
EGAN00001504038,PV1452,PV1452_BMMNC.bam,EGAF00001654583
EGAN00001504038,PV1452,PV1452_DNA.bam,EGAF00001654584
EGAN00001504038,PV1452,PV1452_BMMNC.bam,EGAF00001654921
EGAN00001504038,PV1452,PV1452_DNA.bam,EGAF00001654922
EGAN00001504039,PV1454,PV1454_BMMNC.bam,EGAF00001577816
EGAN00001504039,PV1454,PV1454_BMMNC.bam,EGAF00001654585
EGAN00001504039,PV1454,PV1454_BMMNC.bam,EGAF00001654923
EGAN00001504040,PV1455,PV1455_BMMNC.bam,EGAF00001577817
EGAN00001504040,PV1455,PV1455_BMMNC.bam,EGAF00001654586
EGAN00001504040,PV1455,PV1455_BMMNC.bam,EGAF00001654924
EGAN00001504041,PV1458,PV1458_BMMNC.bam,EGAF00001577818
EGAN00001504041,PV1458,PV1458_CD34.bam,EGAF00001577819
EGAN00001504041,PV1458,PV1458_DNA.bam,EGAF00001577824
EGAN00001504041,PV1458,PV1458_BMMNC.bam,EGAF00001654725
EGAN00001504041,PV1458,PV1458_CD34.bam,EGAF00001654726
EGAN00001504041,PV1458,PV1458_DNA.bam,EGAF00001654727
EGAN00001504041,PV1458,PV1458_BMMNC.bam,EGAF00001654925
EGAN00001504041,PV1458,PV1458_CD34.bam,EGAF00001654926
EGAN00001504041,PV1458,PV1458_DNA.bam,EGAF00001654927
EGAN00001504042,PV1459,PV1459_BMMNC.bam,EGAF00001577825
EGAN00001504042,PV1459,PV1459_DNA.bam,EGAF00001577826
EGAN00001504042,PV1459,PV1459_BMMNC.bam,EGAF00001654728
EGAN00001504042,PV1459,PV1459_DNA.bam,EGAF00001654729
EGAN00001504042,PV1459,PV1459_BMMNC.bam,EGAF00001654928
EGAN00001504042,PV1459,PV1459_DNA.bam,EGAF00001654929
EGAN00001504043,PV1460,PV1460_BMMNC.bam,EGAF00001577827
EGAN00001504043,PV1460,PV1460_BMMNC.bam,EGAF00001654730
EGAN00001504043,PV1460,PV1460_BMMNC.bam,EGAF00001654930
EGAN00001504044,PV1464,PV1464_BMMNC.bam,EGAF00001577828
EGAN00001504044,PV1464,PV1464_DNA.bam,EGAF00001577829
EGAN00001504044,PV1464,PV1464_DNA.bam,EGAF00001654106
EGAN00001504044,PV1464,PV1464_BMMNC.bam,EGAF00001654731
EGAN00001504044,PV1464,PV1464_DNA.bam,EGAF00001654732
EGAN00001504044,PV1464,PV1464_BMMNC.bam,EGAF00001654931
EGAN00001504045,PV1470,PV1470_CD34.bam,EGAF00001577830
EGAN00001504045,PV1470,PV1470_DNA.bam,EGAF00001577831
EGAN00001504045,PV1470,PV1470_CD34.bam,EGAF00001654107
EGAN00001504045,PV1470,PV1470_DNA.bam,EGAF00001654108
EGAN00001504045,PV1470,PV1470_CD34.bam,EGAF00001654733
EGAN00001504045,PV1470,PV1470_DNA.bam,EGAF00001654734
EGAN00001504046,PV1473,PV1473_CD34.bam,EGAF00001577832
EGAN00001504046,PV1473,PV1473_DNA.bam,EGAF00001577833
EGAN00001504046,PV1473,PV1473_CD34.bam,EGAF00001654109
EGAN00001504046,PV1473,PV1473_DNA.bam,EGAF00001654110
EGAN00001504046,PV1473,PV1473_CD34.bam,EGAF00001654735
EGAN00001504046,PV1473,PV1473_DNA.bam,EGAF00001654736
EGAN00001504047,PV1482,PV1482_BMMNC.bam,EGAF00001577834
EGAN00001504047,PV1482,PV1482_CD34.bam,EGAF00001577835
EGAN00001504047,PV1482,PV1482_DNA.bam,EGAF00001577836
EGAN00001504047,PV1482,PV1482_BMMNC.bam,EGAF00001654111
EGAN00001504047,PV1482,PV1482_CD34.bam,EGAF00001654112
EGAN00001504047,PV1482,PV1482_DNA.bam,EGAF00001654113
EGAN00001504047,PV1482,PV1482_BMMNC.bam,EGAF00001654737
EGAN00001504047,PV1482,PV1482_CD34.bam,EGAF00001654738
EGAN00001504047,PV1482,PV1482_DNA.bam,EGAF00001654739
EGAN00001504048,PV175,PV175_CD34.bam,EGAF00001577837
EGAN00001504048,PV175,PV175_DNA.bam,EGAF00001577838
EGAN00001504048,PV175,PV175_CD34.bam,EGAF00001654114
EGAN00001504048,PV175,PV175_DNA.bam,EGAF00001654115
EGAN00001504048,PV175,PV175_CD34.bam,EGAF00001654740
EGAN00001504048,PV175,PV175_DNA.bam,EGAF00001654741
EGAN00001504049,PV177,PV177_BMMNC.bam,EGAF00001577839
EGAN00001504049,PV177,PV177_DNA.bam,EGAF00001577840
EGAN00001504049,PV177,PV177_BMMNC.bam,EGAF00001654116
EGAN00001504049,PV177,PV177_DNA.bam,EGAF00001654117
EGAN00001504049,PV177,PV177_BMMNC.bam,EGAF00001654742
EGAN00001504049,PV177,PV177_DNA.bam,EGAF00001654743
EGAN00001504050,PV19,PV19_BMMNC.bam,EGAF00001577841
EGAN00001504050,PV19,PV19_CD34.bam,EGAF00001577842
EGAN00001504050,PV19,PV19_DNA.bam,EGAF00001577843
EGAN00001504050,PV19,PV19_BMMNC.bam,EGAF00001654118
EGAN00001504050,PV19,PV19_CD34.bam,EGAF00001654119
EGAN00001504050,PV19,PV19_DNA.bam,EGAF00001654120
EGAN00001504050,PV19,PV19_BMMNC.bam,EGAF00001654744
EGAN00001504050,PV19,PV19_CD34.bam,EGAF00001654745
EGAN00001504050,PV19,PV19_DNA.bam,EGAF00001654746
EGAN00001504051,PV200,PV200_BMMNC.bam,EGAF00001577844
EGAN00001504051,PV200,PV200_DNA.bam,EGAF00001577845
EGAN00001504051,PV200,PV200_BMMNC.bam,EGAF00001654121
EGAN00001504051,PV200,PV200_DNA.bam,EGAF00001654122
EGAN00001504051,PV200,PV200_BMMNC.bam,EGAF00001654747
EGAN00001504051,PV200,PV200_DNA.bam,EGAF00001654863
EGAN00001504052,PV219,PV219_BMMNC.bam,EGAF00001577846
EGAN00001504052,PV219,PV219_CD34.bam,EGAF00001577849
EGAN00001504052,PV219,PV219_CD34_CHX.bam,EGAF00001577850
EGAN00001504052,PV219,PV219_CD34_untreated.bam,EGAF00001577851
EGAN00001504052,PV219,PV219_DNA.bam,EGAF00001577852
EGAN00001504052,PV219,PV219_BMMNC.bam,EGAF00001654123
EGAN00001504052,PV219,PV219_CD34.bam,EGAF00001654124
EGAN00001504052,PV219,PV219_CD34_CHX.bam,EGAF00001654125
EGAN00001504052,PV219,PV219_CD34_untreated.bam,EGAF00001654126
EGAN00001504052,PV219,PV219_DNA.bam,EGAF00001654127
EGAN00001504052,PV219,PV219_BMMNC.bam,EGAF00001654864
EGAN00001504052,PV219,PV219_CD34.bam,EGAF00001654865
EGAN00001504052,PV219,PV219_CD34_CHX.bam,EGAF00001654866
EGAN00001504052,PV219,PV219_CD34_untreated.bam,EGAF00001654867
EGAN00001504052,PV219,PV219_DNA.bam,EGAF00001654868
EGAN00001504053,PV221,PV221_BMMNC.bam,EGAF00001577853
EGAN00001504053,PV221,PV221_DNA.bam,EGAF00001577854
EGAN00001504053,PV221,PV221_BMMNC.bam,EGAF00001654128
EGAN00001504053,PV221,PV221_DNA.bam,EGAF00001654192
EGAN00001504053,PV221,PV221_BMMNC.bam,EGAF00001654869
EGAN00001504053,PV221,PV221_DNA.bam,EGAF00001654870
EGAN00001504054,PV225,PV225_BMMNC.bam,EGAF00001577855
EGAN00001504054,PV225,PV225_DNA.bam,EGAF00001577856
EGAN00001504054,PV225,PV225_BMMNC.bam,EGAF00001654193
EGAN00001504054,PV225,PV225_DNA.bam,EGAF00001654194
EGAN00001504054,PV225,PV225_BMMNC.bam,EGAF00001654871
EGAN00001504054,PV225,PV225_DNA.bam,EGAF00001654872
EGAN00001504055,PV242,PV242_BMMNC.bam,EGAF00001577857
EGAN00001504055,PV242,PV242_CD34.bam,EGAF00001577858
EGAN00001504055,PV242,PV242_DNA.bam,EGAF00001577859
EGAN00001504055,PV242,PV242_BMMNC.bam,EGAF00001654195
EGAN00001504055,PV242,PV242_CD34.bam,EGAF00001654196
EGAN00001504055,PV242,PV242_DNA.bam,EGAF00001654197
EGAN00001504055,PV242,PV242_BMMNC.bam,EGAF00001654873
EGAN00001504055,PV242,PV242_CD34.bam,EGAF00001654874
EGAN00001504055,PV242,PV242_DNA.bam,EGAF00001654875
EGAN00001504056,PV244,PV244_BMMNC.bam,EGAF00001577860
EGAN00001504056,PV244,PV244_CD34.bam,EGAF00001577861
EGAN00001504056,PV244,PV244_DNA.bam,EGAF00001577862
EGAN00001504056,PV244,PV244_BMMNC.bam,EGAF00001654198
EGAN00001504056,PV244,PV244_CD34.bam,EGAF00001654199
EGAN00001504056,PV244,PV244_DNA.bam,EGAF00001654200
EGAN00001504056,PV244,PV244_BMMNC.bam,EGAF00001654876
EGAN00001504056,PV244,PV244_CD34.bam,EGAF00001654877
EGAN00001504056,PV244,PV244_DNA.bam,EGAF00001654878
EGAN00001504057,PV259,PV259_BMMNC.bam,EGAF00001577863
EGAN00001504057,PV259,PV259_CD34.bam,EGAF00001577864
EGAN00001504057,PV259,PV259_DNA.bam,EGAF00001577865
EGAN00001504057,PV259,PV259_BMMNC.bam,EGAF00001654201
EGAN00001504057,PV259,PV259_CD34.bam,EGAF00001654202
EGAN00001504057,PV259,PV259_DNA.bam,EGAF00001654203
EGAN00001504057,PV259,PV259_BMMNC.bam,EGAF00001654879
EGAN00001504057,PV259,PV259_CD34.bam,EGAF00001654880
EGAN00001504057,PV259,PV259_DNA.bam,EGAF00001654881
EGAN00001504058,PV298,PV298_BMMNC.bam,EGAF00001577866
EGAN00001504058,PV298,PV298_DNA.bam,EGAF00001577867
EGAN00001504058,PV298,PV298_BMMNC.bam,EGAF00001654204
EGAN00001504058,PV298,PV298_DNA.bam,EGAF00001654205
EGAN00001504058,PV298,PV298_BMMNC.bam,EGAF00001654882
EGAN00001504058,PV298,PV298_DNA.bam,EGAF00001654883
EGAN00001504059,PV350,PV350_CD34.bam,EGAF00001577868
EGAN00001504059,PV350,PV350_DNA.bam,EGAF00001577869
EGAN00001504059,PV350,PV350_CD34.bam,EGAF00001654206
EGAN00001504059,PV350,PV350_DNA.bam,EGAF00001654207
EGAN00001504059,PV350,PV350_CD34.bam,EGAF00001654884
EGAN00001504059,PV350,PV350_DNA.bam,EGAF00001654885
EGAN00001504060,PV359,PV359_BMMNC.bam,EGAF00001577870
EGAN00001504060,PV359,PV359_DNA.bam,EGAF00001577871
EGAN00001504060,PV359,PV359_BMMNC.bam,EGAF00001654208
EGAN00001504060,PV359,PV359_DNA.bam,EGAF00001654209
EGAN00001504060,PV359,PV359_BMMNC.bam,EGAF00001654993
EGAN00001504060,PV359,PV359_DNA.bam,EGAF00001654994
EGAN00001504061,PV366,PV366_BMMNC.bam,EGAF00001577900
EGAN00001504061,PV366,PV366_CD34.bam,EGAF00001577901
EGAN00001504061,PV366,PV366_DNA.bam,EGAF00001577902
EGAN00001504061,PV366,PV366_BMMNC.bam,EGAF00001654210
EGAN00001504061,PV366,PV366_CD34.bam,EGAF00001654211
EGAN00001504061,PV366,PV366_DNA.bam,EGAF00001654212
EGAN00001504061,PV366,PV366_BMMNC.bam,EGAF00001654995
EGAN00001504061,PV366,PV366_CD34.bam,EGAF00001654996
EGAN00001504061,PV366,PV366_DNA.bam,EGAF00001654997
EGAN00001504062,PV38,PV38_BMMNC.bam,EGAF00001577903
EGAN00001504062,PV38,PV38_DNA.bam,EGAF00001577904
EGAN00001504062,PV38,PV38_BMMNC.bam,EGAF00001654213
EGAN00001504062,PV38,PV38_DNA.bam,EGAF00001654214
EGAN00001504062,PV38,PV38_BMMNC.bam,EGAF00001654998
EGAN00001504062,PV38,PV38_DNA.bam,EGAF00001654999
EGAN00001504063,PV415,PV415_BMMNC.bam,EGAF00001577905
EGAN00001504063,PV415,PV415_DNA.bam,EGAF00001577906
EGAN00001504063,PV415,PV415_BMMNC.bam,EGAF00001654330
EGAN00001504063,PV415,PV415_DNA.bam,EGAF00001654331
EGAN00001504063,PV415,PV415_BMMNC.bam,EGAF00001655000
EGAN00001504063,PV415,PV415_DNA.bam,EGAF00001655001
EGAN00001504064,PV417,PV417_BMMNC.bam,EGAF00001577907
EGAN00001504064,PV417,PV417_DNA.bam,EGAF00001577908
EGAN00001504064,PV417,PV417_BMMNC.bam,EGAF00001654332
EGAN00001504064,PV417,PV417_DNA.bam,EGAF00001654333
EGAN00001504064,PV417,PV417_BMMNC.bam,EGAF00001655002
EGAN00001504064,PV417,PV417_DNA.bam,EGAF00001655003
EGAN00001504065,PV448,PV448_BMMNC.bam,EGAF00001577909
EGAN00001504065,PV448,PV448_CD34.bam,EGAF00001577910
EGAN00001504065,PV448,PV448_DNA.bam,EGAF00001577911
EGAN00001504065,PV448,PV448_BMMNC.bam,EGAF00001654334
EGAN00001504065,PV448,PV448_CD34.bam,EGAF00001654335
EGAN00001504065,PV448,PV448_DNA.bam,EGAF00001654336
EGAN00001504065,PV448,PV448_BMMNC.bam,EGAF00001655004
EGAN00001504065,PV448,PV448_CD34.bam,EGAF00001655005
EGAN00001504065,PV448,PV448_DNA.bam,EGAF00001655006
EGAN00001504066,PV481,PV481_BMMNC.bam,EGAF00001577912
EGAN00001504066,PV481,PV481_CD34.bam,EGAF00001577913
EGAN00001504066,PV481,PV481_DNA.bam,EGAF00001577914
EGAN00001504066,PV481,PV481_BMMNC.bam,EGAF00001654337
EGAN00001504066,PV481,PV481_CD34.bam,EGAF00001654338
EGAN00001504066,PV481,PV481_DNA.bam,EGAF00001654339
EGAN00001504066,PV481,PV481_BMMNC.bam,EGAF00001655007
EGAN00001504066,PV481,PV481_CD34.bam,EGAF00001655008
EGAN00001504066,PV481,PV481_DNA.bam,EGAF00001655009
EGAN00001504067,PV482,PV482_BMMNC.bam,EGAF00001577915
EGAN00001504067,PV482,PV482_DNA.bam,EGAF00001577916
EGAN00001504067,PV482,PV482_BMMNC.bam,EGAF00001654340
EGAN00001504067,PV482,PV482_DNA.bam,EGAF00001654341
EGAN00001504067,PV482,PV482_BMMNC.bam,EGAF00001655010
EGAN00001504067,PV482,PV482_DNA.bam,EGAF00001655011
EGAN00001504068,PV492,PV492_BMMNC.bam,EGAF00001577917
EGAN00001504068,PV492,PV492_BMMNC_CHX.bam,EGAF00001577918
EGAN00001504068,PV492,PV492_BMMNC_untreated.bam,EGAF00001577919
EGAN00001504068,PV492,PV492_DNA.bam,EGAF00001577920
EGAN00001504068,PV492,PV492_BMMNC.bam,EGAF00001654342
EGAN00001504068,PV492,PV492_BMMNC_CHX.bam,EGAF00001654343
EGAN00001504068,PV492,PV492_BMMNC_untreated.bam,EGAF00001654344
EGAN00001504068,PV492,PV492_DNA.bam,EGAF00001654345
EGAN00001504068,PV492,PV492_BMMNC.bam,EGAF00001655012
EGAN00001504068,PV492,PV492_BMMNC_CHX.bam,EGAF00001655013
EGAN00001504068,PV492,PV492_BMMNC_untreated.bam,EGAF00001655014
EGAN00001504068,PV492,PV492_DNA.bam,EGAF00001655015
EGAN00001504069,PV554,PV554_BMMNC.bam,EGAF00001577921
EGAN00001504069,PV554,PV554_DNA.bam,EGAF00001577922
EGAN00001504069,PV554,PV554_BMMNC.bam,EGAF00001654346
EGAN00001504069,PV554,PV554_DNA.bam,EGAF00001654347
EGAN00001504069,PV554,PV554_BMMNC.bam,EGAF00001655085
EGAN00001504069,PV554,PV554_DNA.bam,EGAF00001655086
EGAN00001504070,PV559,PV559_BMMNC.bam,EGAF00001577969
EGAN00001504070,PV559,PV559_DNA.bam,EGAF00001577970
EGAN00001504070,PV559,PV559_BMMNC.bam,EGAF00001654348
EGAN00001504070,PV559,PV559_DNA.bam,EGAF00001654349
EGAN00001504070,PV559,PV559_BMMNC.bam,EGAF00001655087
EGAN00001504070,PV559,PV559_DNA.bam,EGAF00001655088
EGAN00001504071,PV584,PV584_BMMNC.bam,EGAF00001577971
EGAN00001504071,PV584,PV584_CD34.bam,EGAF00001577972
EGAN00001504071,PV584,PV584_DNA.bam,EGAF00001577973
EGAN00001504071,PV584,PV584_BMMNC.bam,EGAF00001654350
EGAN00001504071,PV584,PV584_CD34.bam,EGAF00001654351
EGAN00001504071,PV584,PV584_DNA.bam,EGAF00001654352
EGAN00001504071,PV584,PV584_BMMNC.bam,EGAF00001655089
EGAN00001504071,PV584,PV584_CD34.bam,EGAF00001655090
EGAN00001504071,PV584,PV584_DNA.bam,EGAF00001655091
EGAN00001504072,PV586,PV586_BMMNC.bam,EGAF00001577974
EGAN00001504072,PV586,PV586_DNA.bam,EGAF00001577975
EGAN00001504072,PV586,PV586_BMMNC.bam,EGAF00001654495
EGAN00001504072,PV586,PV586_DNA.bam,EGAF00001654496
EGAN00001504072,PV586,PV586_BMMNC.bam,EGAF00001655092
EGAN00001504072,PV586,PV586_DNA.bam,EGAF00001655093
EGAN00001504073,PV587,PV587_BMMNC.bam,EGAF00001577976
EGAN00001504073,PV587,PV587_DNA.bam,EGAF00001577977
EGAN00001504073,PV587,PV587_BMMNC.bam,EGAF00001654497
EGAN00001504073,PV587,PV587_DNA.bam,EGAF00001654498
EGAN00001504073,PV587,PV587_BMMNC.bam,EGAF00001655094
EGAN00001504073,PV587,PV587_DNA.bam,EGAF00001655095
EGAN00001504074,PV588,PV588_BMMNC.bam,EGAF00001577978
EGAN00001504074,PV588,PV588_DNA.bam,EGAF00001577979
EGAN00001504074,PV588,PV588_BMMNC.bam,EGAF00001654499
EGAN00001504074,PV588,PV588_DNA.bam,EGAF00001654500
EGAN00001504074,PV588,PV588_BMMNC.bam,EGAF00001655096
EGAN00001504074,PV588,PV588_DNA.bam,EGAF00001655097
EGAN00001504075,PV593,PV593_BMMNC.bam,EGAF00001577980
EGAN00001504075,PV593,PV593_CD34.bam,EGAF00001577981
EGAN00001504075,PV593,PV593_DNA.bam,EGAF00001577982
EGAN00001504075,PV593,PV593_BMMNC.bam,EGAF00001654501
EGAN00001504075,PV593,PV593_CD34.bam,EGAF00001654502
EGAN00001504075,PV593,PV593_DNA.bam,EGAF00001654503
EGAN00001504075,PV593,PV593_BMMNC.bam,EGAF00001655098
EGAN00001504075,PV593,PV593_CD34.bam,EGAF00001655099
EGAN00001504075,PV593,PV593_DNA.bam,EGAF00001655100
EGAN00001504076,PV598,PV598_BMMNC.bam,EGAF00001577983
EGAN00001504076,PV598,PV598_DNA.bam,EGAF00001577984
EGAN00001504076,PV598,PV598_BMMNC.bam,EGAF00001654504
EGAN00001504076,PV598,PV598_DNA.bam,EGAF00001654505
EGAN00001504076,PV598,PV598_BMMNC.bam,EGAF00001655101
EGAN00001504076,PV598,PV598_DNA.bam,EGAF00001655102
EGAN00001504077,PV603,PV603_BMMNC.bam,EGAF00001577985
EGAN00001504077,PV603,PV603_CD34.bam,EGAF00001577986
EGAN00001504077,PV603,PV603_DNA.bam,EGAF00001577987
EGAN00001504077,PV603,PV603_BMMNC.bam,EGAF00001654506
EGAN00001504077,PV603,PV603_CD34.bam,EGAF00001654507
EGAN00001504077,PV603,PV603_DNA.bam,EGAF00001654508
EGAN00001504077,PV603,PV603_BMMNC.bam,EGAF00001655103
EGAN00001504077,PV603,PV603_CD34.bam,EGAF00001655104
EGAN00001504077,PV603,PV603_DNA.bam,EGAF00001655105
EGAN00001504078,PV605,PV605_BMMNC.bam,EGAF00001577988
EGAN00001504078,PV605,PV605_DNA.bam,EGAF00001577989
EGAN00001504078,PV605,PV605_BMMNC.bam,EGAF00001654509
EGAN00001504078,PV605,PV605_DNA.bam,EGAF00001654510
EGAN00001504078,PV605,PV605_BMMNC.bam,EGAF00001655106
EGAN00001504078,PV605,PV605_DNA.bam,EGAF00001655107
EGAN00001504079,PV607,PV607_BMMNC.bam,EGAF00001577990
EGAN00001504079,PV607,PV607_DNA.bam,EGAF00001577991
EGAN00001504079,PV607,PV607_BMMNC.bam,EGAF00001654511
EGAN00001504079,PV607,PV607_DNA.bam,EGAF00001654512
EGAN00001504079,PV607,PV607_BMMNC.bam,EGAF00001655131
EGAN00001504079,PV607,PV607_DNA.bam,EGAF00001655132
EGAN00001504080,PV609,PV609_BMMNC.bam,EGAF00001578018
EGAN00001504080,PV609,PV609_DNA.bam,EGAF00001578019
EGAN00001504080,PV609,PV609_day14.bam,EGAF00001578020
EGAN00001504080,PV609,PV609_day7.bam,EGAF00001578021
EGAN00001504080,PV609,PV609_BMMNC.bam,EGAF00001654513
EGAN00001504080,PV609,PV609_DNA.bam,EGAF00001654514
EGAN00001504080,PV609,PV609_day14.bam,EGAF00001654515
EGAN00001504080,PV609,PV609_day7.bam,EGAF00001654516
EGAN00001504080,PV609,PV609_BMMNC.bam,EGAF00001655133
EGAN00001504080,PV609,PV609_DNA.bam,EGAF00001655134
EGAN00001504080,PV609,PV609_day14.bam,EGAF00001655135
EGAN00001504080,PV609,PV609_day7.bam,EGAF00001655136
EGAN00001504081,PV618,PV618_BMMNC.bam,EGAF00001578022
EGAN00001504081,PV618,PV618_DNA.bam,EGAF00001578023
EGAN00001504081,PV618,PV618_BMMNC.bam,EGAF00001654517
EGAN00001504081,PV618,PV618_DNA.bam,EGAF00001654656
EGAN00001504081,PV618,PV618_BMMNC.bam,EGAF00001655137
EGAN00001504081,PV618,PV618_DNA.bam,EGAF00001655138
EGAN00001504082,PV623,PV623_BMMNC.bam,EGAF00001578024
EGAN00001504082,PV623,PV623_BMMNC.bam,EGAF00001654657
EGAN00001504082,PV623,PV623_BMMNC.bam,EGAF00001655139
EGAN00001504083,PV628,PV628_CD34.bam,EGAF00001578025
EGAN00001504083,PV628,PV628_DNA.bam,EGAF00001578026
EGAN00001504083,PV628,PV628_day14.bam,EGAF00001578027
EGAN00001504083,PV628,PV628_day7.bam,EGAF00001578028
EGAN00001504083,PV628,PV628_CD34.bam,EGAF00001654658
EGAN00001504083,PV628,PV628_DNA.bam,EGAF00001654659
EGAN00001504083,PV628,PV628_day14.bam,EGAF00001654660
EGAN00001504083,PV628,PV628_day7.bam,EGAF00001654661
EGAN00001504083,PV628,PV628_CD34.bam,EGAF00001655140
EGAN00001504083,PV628,PV628_DNA.bam,EGAF00001655141
EGAN00001504083,PV628,PV628_day14.bam,EGAF00001655142
EGAN00001504083,PV628,PV628_day7.bam,EGAF00001655143
EGAN00001504084,PV631,PV631_BMMNC.bam,EGAF00001578029
EGAN00001504084,PV631,PV631_CD34.bam,EGAF00001578030
EGAN00001504084,PV631,PV631_DNA.bam,EGAF00001578031
EGAN00001504084,PV631,PV631_BMMNC.bam,EGAF00001654662
EGAN00001504084,PV631,PV631_CD34.bam,EGAF00001654663
EGAN00001504084,PV631,PV631_DNA.bam,EGAF00001654664
EGAN00001504084,PV631,PV631_BMMNC.bam,EGAF00001655144
EGAN00001504084,PV631,PV631_CD34.bam,EGAF00001655145
EGAN00001504084,PV631,PV631_DNA.bam,EGAF00001655146
EGAN00001504085,PV636,PV636_BMMNC.bam,EGAF00001578032
EGAN00001504085,PV636,PV636_BMMNC.bam,EGAF00001654665
EGAN00001504085,PV636,PV636_BMMNC.bam,EGAF00001655147
EGAN00001504086,PV641,PV641_day14.bam,EGAF00001578033
EGAN00001504086,PV641,PV641_day7.bam,EGAF00001578034
EGAN00001504086,PV641,PV641_day14.bam,EGAF00001654666
EGAN00001504086,PV641,PV641_day7.bam,EGAF00001654667
EGAN00001504086,PV641,PV641_day14.bam,EGAF00001655148
EGAN00001504086,PV641,PV641_day7.bam,EGAF00001655149
EGAN00001504087,PV642,PV642_BMMNC.bam,EGAF00001578035
EGAN00001504087,PV642,PV642_CD34.bam,EGAF00001578036
EGAN00001504087,PV642,PV642_DNA.bam,EGAF00001578037
EGAN00001504087,PV642,PV642_day14.bam,EGAF00001578038
EGAN00001504087,PV642,PV642_day7.bam,EGAF00001578039
EGAN00001504087,PV642,PV642_day7.bam,EGAF00001654422
EGAN00001504087,PV642,PV642_BMMNC.bam,EGAF00001654668
EGAN00001504087,PV642,PV642_CD34.bam,EGAF00001654669
EGAN00001504087,PV642,PV642_DNA.bam,EGAF00001654670
EGAN00001504087,PV642,PV642_day14.bam,EGAF00001654671
EGAN00001504087,PV642,PV642_day7.bam,EGAF00001654672
EGAN00001504087,PV642,PV642_BMMNC.bam,EGAF00001655150
EGAN00001504087,PV642,PV642_CD34.bam,EGAF00001655151
EGAN00001504087,PV642,PV642_DNA.bam,EGAF00001655152
EGAN00001504087,PV642,PV642_day14.bam,EGAF00001655153
EGAN00001504088,PV647,PV647_BMMNC.bam,EGAF00001578040
EGAN00001504088,PV647,PV647_DNA.bam,EGAF00001578064
EGAN00001504088,PV647,PV647_BMMNC.bam,EGAF00001654423
EGAN00001504088,PV647,PV647_DNA.bam,EGAF00001654424
EGAN00001504088,PV647,PV647_BMMNC.bam,EGAF00001654673
EGAN00001504088,PV647,PV647_DNA.bam,EGAF00001654674
EGAN00001504089,PV649,PV649_BMMNC.bam,EGAF00001578065
EGAN00001504089,PV649,PV649_DNA.bam,EGAF00001578066
EGAN00001504089,PV649,PV649_BMMNC.bam,EGAF00001654425
EGAN00001504089,PV649,PV649_DNA.bam,EGAF00001654426
EGAN00001504089,PV649,PV649_BMMNC.bam,EGAF00001654675
EGAN00001504089,PV649,PV649_DNA.bam,EGAF00001654676
EGAN00001504090,PV656,PV656_BMMNC.bam,EGAF00001578067
EGAN00001504090,PV656,PV656_DNA.bam,EGAF00001578068
EGAN00001504090,PV656,PV656_BMMNC.bam,EGAF00001654427
EGAN00001504090,PV656,PV656_DNA.bam,EGAF00001654428
EGAN00001504090,PV656,PV656_BMMNC.bam,EGAF00001654677
EGAN00001504090,PV656,PV656_DNA.bam,EGAF00001654678
EGAN00001504091,PV658,PV658_BMMNC.bam,EGAF00001578069
EGAN00001504091,PV658,PV658_DNA.bam,EGAF00001578070
EGAN00001504091,PV658,PV658_BMMNC.bam,EGAF00001654429
EGAN00001504091,PV658,PV658_DNA.bam,EGAF00001654430
EGAN00001504091,PV658,PV658_BMMNC.bam,EGAF00001654794
EGAN00001504091,PV658,PV658_DNA.bam,EGAF00001654795
EGAN00001504092,PV663,PV663_BMMNC.bam,EGAF00001578071
EGAN00001504092,PV663,PV663_CD34.bam,EGAF00001578072
EGAN00001504092,PV663,PV663_DNA.bam,EGAF00001578073
EGAN00001504092,PV663,PV663_BMMNC.bam,EGAF00001654431
EGAN00001504092,PV663,PV663_CD34.bam,EGAF00001654432
EGAN00001504092,PV663,PV663_DNA.bam,EGAF00001654433
EGAN00001504092,PV663,PV663_BMMNC.bam,EGAF00001654796
EGAN00001504092,PV663,PV663_CD34.bam,EGAF00001654797
EGAN00001504092,PV663,PV663_DNA.bam,EGAF00001654798
EGAN00001504093,PV664,PV664_BMMNC.bam,EGAF00001578074
EGAN00001504093,PV664,PV664_DNA.bam,EGAF00001578075
EGAN00001504093,PV664,PV664_BMMNC.bam,EGAF00001654434
EGAN00001504093,PV664,PV664_DNA.bam,EGAF00001654435
EGAN00001504093,PV664,PV664_BMMNC.bam,EGAF00001654799
EGAN00001504093,PV664,PV664_DNA.bam,EGAF00001654800
EGAN00001504094,PV674,PV674_BMMNC.bam,EGAF00001578076
EGAN00001504094,PV674,PV674_DNA.bam,EGAF00001578077
EGAN00001504094,PV674,PV674_BMMNC.bam,EGAF00001654436
EGAN00001504094,PV674,PV674_DNA.bam,EGAF00001654437
EGAN00001504094,PV674,PV674_BMMNC.bam,EGAF00001654801
EGAN00001504094,PV674,PV674_DNA.bam,EGAF00001654802
EGAN00001504095,PV676,PV676_BMMNC.bam,EGAF00001578078
EGAN00001504095,PV676,PV676_DNA.bam,EGAF00001578079
EGAN00001504095,PV676,PV676_BMMNC.bam,EGAF00001654438
EGAN00001504095,PV676,PV676_DNA.bam,EGAF00001654439
EGAN00001504095,PV676,PV676_BMMNC.bam,EGAF00001654803
EGAN00001504095,PV676,PV676_DNA.bam,EGAF00001654804
EGAN00001504096,PV679,PV679_BMMNC.bam,EGAF00001578080
EGAN00001504096,PV679,PV679_DNA.bam,EGAF00001578081
EGAN00001504096,PV679,PV679_BMMNC.bam,EGAF00001654440
EGAN00001504096,PV679,PV679_DNA.bam,EGAF00001654441
EGAN00001504096,PV679,PV679_BMMNC.bam,EGAF00001654805
EGAN00001504096,PV679,PV679_DNA.bam,EGAF00001654806
EGAN00001504097,PV680,PV680_BMMNC.bam,EGAF00001578082
EGAN00001504097,PV680,PV680_DNA.bam,EGAF00001578083
EGAN00001504097,PV680,PV680_BMMNC.bam,EGAF00001654442
EGAN00001504097,PV680,PV680_DNA.bam,EGAF00001654443
EGAN00001504097,PV680,PV680_BMMNC.bam,EGAF00001654807
EGAN00001504097,PV680,PV680_DNA.bam,EGAF00001654808
EGAN00001504098,PV683,PV683_BMMNC.bam,EGAF00001578084
EGAN00001504098,PV683,PV683_DNA.bam,EGAF00001578085
EGAN00001504098,PV683,PV683_BMMNC.bam,EGAF00001654444
EGAN00001504098,PV683,PV683_DNA.bam,EGAF00001654587
EGAN00001504098,PV683,PV683_BMMNC.bam,EGAF00001654809
EGAN00001504098,PV683,PV683_DNA.bam,EGAF00001654810
EGAN00001504099,PV689,PV689_BMMNC.bam,EGAF00001578086
EGAN00001504099,PV689,PV689_DNA.bam,EGAF00001578110
EGAN00001504099,PV689,PV689_BMMNC.bam,EGAF00001654588
EGAN00001504099,PV689,PV689_DNA.bam,EGAF00001654589
EGAN00001504099,PV689,PV689_BMMNC.bam,EGAF00001654811
EGAN00001504099,PV689,PV689_DNA.bam,EGAF00001654812
EGAN00001504100,PV692,PV692_BMMNC.bam,EGAF00001578111
EGAN00001504100,PV692,PV692_DNA.bam,EGAF00001578112
EGAN00001504100,PV692,PV692_BMMNC.bam,EGAF00001654590
EGAN00001504100,PV692,PV692_DNA.bam,EGAF00001654591
EGAN00001504100,PV692,PV692_BMMNC.bam,EGAF00001654813
EGAN00001504100,PV692,PV692_DNA.bam,EGAF00001654814
EGAN00001504101,PV693,PV693_CD34.bam,EGAF00001578113
EGAN00001504101,PV693,PV693_DNA.bam,EGAF00001578114
EGAN00001504101,PV693,PV693_CD34.bam,EGAF00001654592
EGAN00001504101,PV693,PV693_DNA.bam,EGAF00001654593
EGAN00001504101,PV693,PV693_CD34.bam,EGAF00001654815
EGAN00001504101,PV693,PV693_DNA.bam,EGAF00001654816
EGAN00001504102,PV695,PV695_BMMNC.bam,EGAF00001578115
EGAN00001504102,PV695,PV695_DNA.bam,EGAF00001578116
EGAN00001504102,PV695,PV695_BMMNC.bam,EGAF00001654594
EGAN00001504102,PV695,PV695_DNA.bam,EGAF00001654595
EGAN00001504102,PV695,PV695_BMMNC.bam,EGAF00001654932
EGAN00001504102,PV695,PV695_DNA.bam,EGAF00001654933
EGAN00001504103,PV698,PV698_BMMNC.bam,EGAF00001578117
EGAN00001504103,PV698,PV698_CD34.bam,EGAF00001578118
EGAN00001504103,PV698,PV698_DNA.bam,EGAF00001578119
EGAN00001504103,PV698,PV698_day14.bam,EGAF00001578120
EGAN00001504103,PV698,PV698_day7.bam,EGAF00001578121
EGAN00001504103,PV698,PV698_BMMNC.bam,EGAF00001654596
EGAN00001504103,PV698,PV698_CD34.bam,EGAF00001654597
EGAN00001504103,PV698,PV698_DNA.bam,EGAF00001654598
EGAN00001504103,PV698,PV698_day14.bam,EGAF00001654599
EGAN00001504103,PV698,PV698_day7.bam,EGAF00001654600
EGAN00001504103,PV698,PV698_BMMNC.bam,EGAF00001654934
EGAN00001504103,PV698,PV698_CD34.bam,EGAF00001654935
EGAN00001504103,PV698,PV698_DNA.bam,EGAF00001654936
EGAN00001504103,PV698,PV698_day14.bam,EGAF00001654937
EGAN00001504103,PV698,PV698_day7.bam,EGAF00001654938
EGAN00001504104,PV699,PV699_BMMNC.bam,EGAF00001578122
EGAN00001504104,PV699,PV699_DNA.bam,EGAF00001578123
EGAN00001504104,PV699,PV699_BMMNC.bam,EGAF00001654601
EGAN00001504104,PV699,PV699_DNA.bam,EGAF00001654602
EGAN00001504104,PV699,PV699_BMMNC.bam,EGAF00001654939
EGAN00001504104,PV699,PV699_DNA.bam,EGAF00001654940
EGAN00001504105,PV701,PV701_CD34.bam,EGAF00001578124
EGAN00001504105,PV701,PV701_DNA.bam,EGAF00001578125
EGAN00001504105,PV701,PV701_day14.bam,EGAF00001578126
EGAN00001504105,PV701,PV701_day7.bam,EGAF00001578127
EGAN00001504105,PV701,PV701_CD34.bam,EGAF00001654603
EGAN00001504105,PV701,PV701_DNA.bam,EGAF00001654604
EGAN00001504105,PV701,PV701_day14.bam,EGAF00001654605
EGAN00001504105,PV701,PV701_day7.bam,EGAF00001654606
EGAN00001504105,PV701,PV701_CD34.bam,EGAF00001654941
EGAN00001504105,PV701,PV701_DNA.bam,EGAF00001654942
EGAN00001504105,PV701,PV701_day14.bam,EGAF00001654943
EGAN00001504105,PV701,PV701_day7.bam,EGAF00001654944
EGAN00001504106,PV734,PV734_BMMNC.bam,EGAF00001578128
EGAN00001504106,PV734,PV734_CD34.bam,EGAF00001578129
EGAN00001504106,PV734,PV734_DNA.bam,EGAF00001578130
EGAN00001504106,PV734,PV734_BMMNC.bam,EGAF00001654607
EGAN00001504106,PV734,PV734_CD34.bam,EGAF00001654608
EGAN00001504106,PV734,PV734_DNA.bam,EGAF00001654609
EGAN00001504106,PV734,PV734_BMMNC.bam,EGAF00001654945
EGAN00001504106,PV734,PV734_CD34.bam,EGAF00001654946
EGAN00001504106,PV734,PV734_DNA.bam,EGAF00001654947
EGAN00001504107,PV756,PV756_BMMNC.bam,EGAF00001578131
EGAN00001504107,PV756,PV756_DNA.bam,EGAF00001578132
EGAN00001504107,PV756,PV756_BMMNC.bam,EGAF00001654748
EGAN00001504107,PV756,PV756_DNA.bam,EGAF00001654749
EGAN00001504107,PV756,PV756_BMMNC.bam,EGAF00001654948
EGAN00001504107,PV756,PV756_DNA.bam,EGAF00001654949
EGAN00001504108,PV776,PV776_CD34.bam,EGAF00001577583
EGAN00001504108,PV776,PV776_DNA.bam,EGAF00001577584
EGAN00001504108,PV776,PV776_CD34.bam,EGAF00001654750
EGAN00001504108,PV776,PV776_DNA.bam,EGAF00001654751
EGAN00001504108,PV776,PV776_CD34.bam,EGAF00001654950
EGAN00001504108,PV776,PV776_DNA.bam,EGAF00001654951
EGAN00001504109,PV830,PV830_CD34.bam,EGAF00001577585
EGAN00001504109,PV830,PV830_CD34.bam,EGAF00001654752
EGAN00001504109,PV830,PV830_CD34.bam,EGAF00001654952
EGAN00001504110,PV836,PV836_CD34.bam,EGAF00001577586
EGAN00001504110,PV836,PV836_DNA.bam,EGAF00001577587
EGAN00001504110,PV836,PV836_CD34.bam,EGAF00001654753
EGAN00001504110,PV836,PV836_DNA.bam,EGAF00001654754
EGAN00001504110,PV836,PV836_CD34.bam,EGAF00001654953
EGAN00001504110,PV836,PV836_DNA.bam,EGAF00001654954
EGAN00001504111,PV838,PV838_BMMNC.bam,EGAF00001577588
EGAN00001504111,PV838,PV838_DNA.bam,EGAF00001577589
EGAN00001504111,PV838,PV838_BMMNC.bam,EGAF00001654129
EGAN00001504111,PV838,PV838_DNA.bam,EGAF00001654130
EGAN00001504111,PV838,PV838_BMMNC.bam,EGAF00001654755
EGAN00001504111,PV838,PV838_DNA.bam,EGAF00001654756
EGAN00001504112,PV859,PV859_BMMNC.bam,EGAF00001577590
EGAN00001504112,PV859,PV859_CD34.bam,EGAF00001577591
EGAN00001504112,PV859,PV859_DNA.bam,EGAF00001577592
EGAN00001504112,PV859,PV859_BMMNC.bam,EGAF00001654131
EGAN00001504112,PV859,PV859_CD34.bam,EGAF00001654132
EGAN00001504112,PV859,PV859_DNA.bam,EGAF00001654133
EGAN00001504112,PV859,PV859_BMMNC.bam,EGAF00001654757
EGAN00001504112,PV859,PV859_CD34.bam,EGAF00001654758
EGAN00001504112,PV859,PV859_DNA.bam,EGAF00001654759
EGAN00001504113,PV865,PV865_CD34.bam,EGAF00001577593
EGAN00001504113,PV865,PV865_DNA.bam,EGAF00001577594
EGAN00001504113,PV865,PV865_CD34.bam,EGAF00001654134
EGAN00001504113,PV865,PV865_DNA.bam,EGAF00001654135
EGAN00001504113,PV865,PV865_CD34.bam,EGAF00001654760
EGAN00001504113,PV865,PV865_DNA.bam,EGAF00001654761
EGAN00001504114,PV866,PV866_CD34.bam,EGAF00001577595
EGAN00001504114,PV866,PV866_DNA.bam,EGAF00001577596
EGAN00001504114,PV866,PV866_CD34.bam,EGAF00001654136
EGAN00001504114,PV866,PV866_DNA.bam,EGAF00001654137
EGAN00001504114,PV866,PV866_CD34.bam,EGAF00001654762
EGAN00001504114,PV866,PV866_DNA.bam,EGAF00001654763
EGAN00001504115,PV868,PV868_BMMNC.bam,EGAF00001577597
EGAN00001504115,PV868,PV868_CD34.bam,EGAF00001577598
EGAN00001504115,PV868,PV868_DNA.bam,EGAF00001577599
EGAN00001504115,PV868,PV868_BMMNC.bam,EGAF00001654138
EGAN00001504115,PV868,PV868_CD34.bam,EGAF00001654139
EGAN00001504115,PV868,PV868_DNA.bam,EGAF00001654140
EGAN00001504115,PV868,PV868_BMMNC.bam,EGAF00001654764
EGAN00001504115,PV868,PV868_CD34.bam,EGAF00001654765
EGAN00001504115,PV868,PV868_DNA.bam,EGAF00001654766
EGAN00001504116,PV869,PV869_BMMNC.bam,EGAF00001577600
EGAN00001504116,PV869,PV869_CD34.bam,EGAF00001577601
EGAN00001504116,PV869,PV869_DNA.bam,EGAF00001577602
EGAN00001504116,PV869,PV869_BMMNC.bam,EGAF00001654141
EGAN00001504116,PV869,PV869_CD34.bam,EGAF00001654142
EGAN00001504116,PV869,PV869_DNA.bam,EGAF00001654143
EGAN00001504116,PV869,PV869_BMMNC.bam,EGAF00001654767
EGAN00001504116,PV869,PV869_CD34.bam,EGAF00001654768
EGAN00001504116,PV869,PV869_DNA.bam,EGAF00001654769
EGAN00001504117,PV870,PV870_BMMNC.bam,EGAF00001577603
EGAN00001504117,PV870,PV870_CD34.bam,EGAF00001577604
EGAN00001504117,PV870,PV870_DNA.bam,EGAF00001577605
EGAN00001504117,PV870,PV870_BMMNC.bam,EGAF00001654144
EGAN00001504117,PV870,PV870_CD34.bam,EGAF00001654145
EGAN00001504117,PV870,PV870_DNA.bam,EGAF00001654146
EGAN00001504117,PV870,PV870_BMMNC.bam,EGAF00001654770
EGAN00001504117,PV870,PV870_CD34.bam,EGAF00001654886
EGAN00001504117,PV870,PV870_DNA.bam,EGAF00001654887
EGAN00001504118,PV872,PV872_BMMNC.bam,EGAF00001577629
EGAN00001504118,PV872,PV872_CD34.bam,EGAF00001577630
EGAN00001504118,PV872,PV872_DNA.bam,EGAF00001577631
EGAN00001504118,PV872,PV872_BMMNC.bam,EGAF00001654147
EGAN00001504118,PV872,PV872_CD34.bam,EGAF00001654148
EGAN00001504118,PV872,PV872_DNA.bam,EGAF00001654149
EGAN00001504118,PV872,PV872_BMMNC.bam,EGAF00001654888
EGAN00001504118,PV872,PV872_CD34.bam,EGAF00001654889
EGAN00001504118,PV872,PV872_DNA.bam,EGAF00001654890
EGAN00001504119,PV873,PV873_BMMNC.bam,EGAF00001577632
EGAN00001504119,PV873,PV873_DNA.bam,EGAF00001577633
EGAN00001504119,PV873,PV873_BMMNC.bam,EGAF00001654150
EGAN00001504119,PV873,PV873_DNA.bam,EGAF00001654151
EGAN00001504119,PV873,PV873_BMMNC.bam,EGAF00001654891
EGAN00001504119,PV873,PV873_DNA.bam,EGAF00001654892
EGAN00001504120,PV875,PV875_BMMNC.bam,EGAF00001577634
EGAN00001504120,PV875,PV875_DNA.bam,EGAF00001577635
EGAN00001504120,PV875,PV875_BMMNC.bam,EGAF00001654215
EGAN00001504120,PV875,PV875_DNA.bam,EGAF00001654216
EGAN00001504120,PV875,PV875_BMMNC.bam,EGAF00001654893
EGAN00001504120,PV875,PV875_DNA.bam,EGAF00001654894
EGAN00001504121,PV881,PV881_BMMNC.bam,EGAF00001577636
EGAN00001504121,PV881,PV881_DNA.bam,EGAF00001577637
EGAN00001504121,PV881,PV881_BMMNC.bam,EGAF00001654217
EGAN00001504121,PV881,PV881_DNA.bam,EGAF00001654218
EGAN00001504121,PV881,PV881_BMMNC.bam,EGAF00001654895
EGAN00001504121,PV881,PV881_DNA.bam,EGAF00001654896
EGAN00001504122,PV886,PV886_BMMNC.bam,EGAF00001577638
EGAN00001504122,PV886,PV886_DNA.bam,EGAF00001577639
EGAN00001504122,PV886,PV886_BMMNC.bam,EGAF00001654219
EGAN00001504122,PV886,PV886_DNA.bam,EGAF00001654220
EGAN00001504122,PV886,PV886_BMMNC.bam,EGAF00001654897
EGAN00001504122,PV886,PV886_DNA.bam,EGAF00001654898
EGAN00001504123,PV889,PV889_BMMNC.bam,EGAF00001577640
EGAN00001504123,PV889,PV889_DNA.bam,EGAF00001577641
EGAN00001504123,PV889,PV889_BMMNC.bam,EGAF00001654221
EGAN00001504123,PV889,PV889_DNA.bam,EGAF00001654222
EGAN00001504123,PV889,PV889_BMMNC.bam,EGAF00001654899
EGAN00001504123,PV889,PV889_DNA.bam,EGAF00001654900
EGAN00001504124,PV898,PV898_CD34.bam,EGAF00001577642
EGAN00001504124,PV898,PV898_DNA.bam,EGAF00001577643
EGAN00001504124,PV898,PV898_CD34.bam,EGAF00001654223
EGAN00001504124,PV898,PV898_DNA.bam,EGAF00001654224
EGAN00001504124,PV898,PV898_CD34.bam,EGAF00001654901
EGAN00001504124,PV898,PV898_DNA.bam,EGAF00001654902
EGAN00001504125,PV906,PV906_BMMNC.bam,EGAF00001577644
EGAN00001504125,PV906,PV906_DNA.bam,EGAF00001577645
EGAN00001504125,PV906,PV906_BMMNC.bam,EGAF00001654225
EGAN00001504125,PV906,PV906_DNA.bam,EGAF00001654226
EGAN00001504125,PV906,PV906_BMMNC.bam,EGAF00001654903
EGAN00001504125,PV906,PV906_DNA.bam,EGAF00001654904
EGAN00001504126,PV908,PV908_BMMNC_CHX.bam,EGAF00001577646
EGAN00001504126,PV908,PV908_BMMNC_untreated.bam,EGAF00001577647
EGAN00001504126,PV908,PV908_BMMNC_CHX.bam,EGAF00001654227
EGAN00001504126,PV908,PV908_BMMNC_untreated.bam,EGAF00001654228
EGAN00001504126,PV908,PV908_BMMNC_CHX.bam,EGAF00001654905
EGAN00001504126,PV908,PV908_BMMNC_untreated.bam,EGAF00001654906
EGAN00001504127,PV910,PV910_BMMNC.bam,EGAF00001577648
EGAN00001504127,PV910,PV910_DNA.bam,EGAF00001577649
EGAN00001504127,PV910,PV910_BMMNC.bam,EGAF00001654229
EGAN00001504127,PV910,PV910_DNA.bam,EGAF00001654230
EGAN00001504127,PV910,PV910_BMMNC.bam,EGAF00001654907
EGAN00001504127,PV910,PV910_DNA.bam,EGAF00001654908
EGAN00001504128,PV912,PV912_BMMNC.bam,EGAF00001577650
EGAN00001504128,PV912,PV912_CD34.bam,EGAF00001577651
EGAN00001504128,PV912,PV912_DNA.bam,EGAF00001577712
EGAN00001504128,PV912,PV912_BMMNC.bam,EGAF00001654231
EGAN00001504128,PV912,PV912_CD34.bam,EGAF00001654232
EGAN00001504128,PV912,PV912_DNA.bam,EGAF00001654233
EGAN00001504128,PV912,PV912_BMMNC.bam,EGAF00001655016
EGAN00001504128,PV912,PV912_CD34.bam,EGAF00001655017
EGAN00001504128,PV912,PV912_DNA.bam,EGAF00001655018
EGAN00001504129,PV913,PV913_BMMNC.bam,EGAF00001577713
EGAN00001504129,PV913,PV913_DNA.bam,EGAF00001577714
EGAN00001504129,PV913,PV913_BMMNC.bam,EGAF00001654234
EGAN00001504129,PV913,PV913_DNA.bam,EGAF00001654235
EGAN00001504129,PV913,PV913_BMMNC.bam,EGAF00001655019
EGAN00001504129,PV913,PV913_DNA.bam,EGAF00001655020
EGAN00001504130,PV915,PV915_BMMNC.bam,EGAF00001577715
EGAN00001504130,PV915,PV915_DNA.bam,EGAF00001577739
EGAN00001504130,PV915,PV915_BMMNC.bam,EGAF00001654236
EGAN00001504130,PV915,PV915_DNA.bam,EGAF00001654237
EGAN00001504130,PV915,PV915_BMMNC.bam,EGAF00001655021
EGAN00001504130,PV915,PV915_DNA.bam,EGAF00001655022
EGAN00001504131,PV916,PV916_BMMNC.bam,EGAF00001577740
EGAN00001504131,PV916,PV916_DNA.bam,EGAF00001577741
EGAN00001504131,PV916,PV916_BMMNC.bam,EGAF00001654353
EGAN00001504131,PV916,PV916_DNA.bam,EGAF00001654354
EGAN00001504131,PV916,PV916_BMMNC.bam,EGAF00001655023
EGAN00001504131,PV916,PV916_DNA.bam,EGAF00001655024
EGAN00001504132,PV918,PV918_BMMNC.bam,EGAF00001577742
EGAN00001504132,PV918,PV918_DNA.bam,EGAF00001577766
EGAN00001504132,PV918,PV918_BMMNC.bam,EGAF00001654355
EGAN00001504132,PV918,PV918_DNA.bam,EGAF00001654356
EGAN00001504132,PV918,PV918_BMMNC.bam,EGAF00001655025
EGAN00001504132,PV918,PV918_DNA.bam,EGAF00001655026
EGAN00001504133,PV921,PV921_BMMNC.bam,EGAF00001577767
EGAN00001504133,PV921,PV921_DNA.bam,EGAF00001577768
EGAN00001504133,PV921,PV921_BMMNC.bam,EGAF00001654357
EGAN00001504133,PV921,PV921_DNA.bam,EGAF00001654358
EGAN00001504133,PV921,PV921_BMMNC.bam,EGAF00001655027
EGAN00001504133,PV921,PV921_DNA.bam,EGAF00001655028
EGAN00001504134,PV922,PV922_BMMNC.bam,EGAF00001577769
EGAN00001504134,PV922,PV922_DNA.bam,EGAF00001577793
EGAN00001504134,PV922,PV922_BMMNC.bam,EGAF00001654359
EGAN00001504134,PV922,PV922_DNA.bam,EGAF00001654360
EGAN00001504134,PV922,PV922_BMMNC.bam,EGAF00001655029
EGAN00001504134,PV922,PV922_DNA.bam,EGAF00001655030
EGAN00001504135,PV926,PV926_BMMNC_CHX.bam,EGAF00001577794
EGAN00001504135,PV926,PV926_BMMNC_untreated.bam,EGAF00001577795
EGAN00001504135,PV926,PV926_CD34.bam,EGAF00001577796
EGAN00001504135,PV926,PV926_DNA.bam,EGAF00001577820
EGAN00001504135,PV926,PV926_BMMNC_CHX.bam,EGAF00001654361
EGAN00001504135,PV926,PV926_BMMNC_untreated.bam,EGAF00001654362
EGAN00001504135,PV926,PV926_CD34.bam,EGAF00001654363
EGAN00001504135,PV926,PV926_DNA.bam,EGAF00001654364
EGAN00001504135,PV926,PV926_BMMNC_CHX.bam,EGAF00001655031
EGAN00001504135,PV926,PV926_BMMNC_untreated.bam,EGAF00001655032
EGAN00001504135,PV926,PV926_CD34.bam,EGAF00001655033
EGAN00001504135,PV926,PV926_DNA.bam,EGAF00001655034
EGAN00001504136,PV927,PV927_BMMNC.bam,EGAF00001577821
EGAN00001504136,PV927,PV927_BMMNC.bam,EGAF00001654365
EGAN00001504136,PV927,PV927_BMMNC.bam,EGAF00001655035
EGAN00001504137,PV928,PV928_BMMNC.bam,EGAF00001577822
EGAN00001504137,PV928,PV928_CD34.bam,EGAF00001577823
EGAN00001504137,PV928,PV928_BMMNC.bam,EGAF00001654366
EGAN00001504137,PV928,PV928_CD34.bam,EGAF00001654367
EGAN00001504137,PV928,PV928_BMMNC.bam,EGAF00001655036
EGAN00001504137,PV928,PV928_CD34.bam,EGAF00001655037
EGAN00001504138,PV929,PV929_BMMNC.bam,EGAF00001577847
EGAN00001504138,PV929,PV929_CD34_CHX.bam,EGAF00001577848
EGAN00001504138,PV929,PV929_CD34_untreated.bam,EGAF00001577872
EGAN00001504138,PV929,PV929_DNA.bam,EGAF00001577873
EGAN00001504138,PV929,PV929_BMMNC.bam,EGAF00001654368
EGAN00001504138,PV929,PV929_CD34_CHX.bam,EGAF00001654369
EGAN00001504138,PV929,PV929_CD34_untreated.bam,EGAF00001654370
EGAN00001504138,PV929,PV929_DNA.bam,EGAF00001654371
EGAN00001504138,PV929,PV929_BMMNC.bam,EGAF00001655038
EGAN00001504138,PV929,PV929_CD34_CHX.bam,EGAF00001655108
EGAN00001504138,PV929,PV929_CD34_untreated.bam,EGAF00001655109
EGAN00001504138,PV929,PV929_DNA.bam,EGAF00001655110
EGAN00001504139,PV932,PV932_BMMNC.bam,EGAF00001577874
EGAN00001504139,PV932,PV932_DNA.bam,EGAF00001577875
EGAN00001504139,PV932,PV932_BMMNC.bam,EGAF00001654372
EGAN00001504139,PV932,PV932_DNA.bam,EGAF00001654373
EGAN00001504139,PV932,PV932_BMMNC.bam,EGAF00001655111
EGAN00001504139,PV932,PV932_DNA.bam,EGAF00001655112
EGAN00001504140,PV934,PV934_BMMNC_CHX.bam,EGAF00001577876
EGAN00001504140,PV934,PV934_BMMNC_untreated.bam,EGAF00001577877
EGAN00001504140,PV934,PV934_CD34.bam,EGAF00001577878
EGAN00001504140,PV934,PV934_DNA.bam,EGAF00001577879
EGAN00001504140,PV934,PV934_BMMNC_CHX.bam,EGAF00001654374
EGAN00001504140,PV934,PV934_BMMNC_untreated.bam,EGAF00001654375
EGAN00001504140,PV934,PV934_CD34.bam,EGAF00001654518
EGAN00001504140,PV934,PV934_DNA.bam,EGAF00001654519
EGAN00001504140,PV934,PV934_BMMNC_CHX.bam,EGAF00001655113
EGAN00001504140,PV934,PV934_BMMNC_untreated.bam,EGAF00001655114
EGAN00001504140,PV934,PV934_CD34.bam,EGAF00001655115
EGAN00001504140,PV934,PV934_DNA.bam,EGAF00001655116
EGAN00001504141,PV937,PV937_BMMNC.bam,EGAF00001577880
EGAN00001504141,PV937,PV937_DNA.bam,EGAF00001577881
EGAN00001504141,PV937,PV937_BMMNC.bam,EGAF00001654520
EGAN00001504141,PV937,PV937_DNA.bam,EGAF00001654521
EGAN00001504141,PV937,PV937_BMMNC.bam,EGAF00001655117
EGAN00001504141,PV937,PV937_DNA.bam,EGAF00001655118
EGAN00001504142,PV951,PV951_day14.bam,EGAF00001577882
EGAN00001504142,PV951,PV951_day7.bam,EGAF00001577883
EGAN00001504142,PV951,PV951_day14.bam,EGAF00001654522
EGAN00001504142,PV951,PV951_day7.bam,EGAF00001654523
EGAN00001504142,PV951,PV951_day14.bam,EGAF00001655119
EGAN00001504142,PV951,PV951_day7.bam,EGAF00001655120
EGAN00001504143,PV952,PV952_CD34.bam,EGAF00001577884
EGAN00001504143,PV952,PV952_DNA.bam,EGAF00001577885
EGAN00001504143,PV952,PV952_CD34.bam,EGAF00001654524
EGAN00001504143,PV952,PV952_DNA.bam,EGAF00001654525
EGAN00001504143,PV952,PV952_CD34.bam,EGAF00001655121
EGAN00001504143,PV952,PV952_DNA.bam,EGAF00001655122
EGAN00001504144,PV954,PV954_BMMNC.bam,EGAF00001577886
EGAN00001504144,PV954,PV954_DNA.bam,EGAF00001577887
EGAN00001504144,PV954,PV954_BMMNC.bam,EGAF00001654526
EGAN00001504144,PV954,PV954_DNA.bam,EGAF00001654527
EGAN00001504144,PV954,PV954_BMMNC.bam,EGAF00001655123
EGAN00001504144,PV954,PV954_DNA.bam,EGAF00001655124
EGAN00001504145,PV957,PV957_BMMNC.bam,EGAF00001577888
EGAN00001504145,PV957,PV957_BMMNC.bam,EGAF00001654528
EGAN00001504145,PV957,PV957_BMMNC.bam,EGAF00001655125
EGAN00001504146,PV965,PV965_CD34.bam,EGAF00001577889
EGAN00001504146,PV965,PV965_DNA.bam,EGAF00001577890
EGAN00001504146,PV965,PV965_CD34.bam,EGAF00001654529
EGAN00001504146,PV965,PV965_DNA.bam,EGAF00001654530
EGAN00001504146,PV965,PV965_CD34.bam,EGAF00001655126
EGAN00001504146,PV965,PV965_DNA.bam,EGAF00001655127
EGAN00001504147,PV97,PV97_BMMNC_CHX.bam,EGAF00001577926
EGAN00001504147,PV97,PV97_BMMNC_untreated.bam,EGAF00001577927
EGAN00001504147,PV97,PV97_BMMNC_CHX.bam,EGAF00001654538
EGAN00001504147,PV97,PV97_BMMNC_untreated.bam,EGAF00001654539
EGAN00001504147,PV97,PV97_BMMNC_CHX.bam,EGAF00001655158
EGAN00001504147,PV97,PV97_BMMNC_untreated.bam,EGAF00001655159
EGAN00001504148,PV970,PV970_BMMNC.bam,EGAF00001577891
EGAN00001504148,PV970,PV970_DNA.bam,EGAF00001577892
EGAN00001504148,PV970,PV970_BMMNC.bam,EGAF00001654531
EGAN00001504148,PV970,PV970_DNA.bam,EGAF00001654532
EGAN00001504148,PV970,PV970_BMMNC.bam,EGAF00001655128
EGAN00001504148,PV970,PV970_DNA.bam,EGAF00001655129
EGAN00001504149,PV971,PV971_day14.bam,EGAF00001577893
EGAN00001504149,PV971,PV971_day7.bam,EGAF00001577894
EGAN00001504149,PV971,PV971_day14.bam,EGAF00001654533
EGAN00001504149,PV971,PV971_day7.bam,EGAF00001654534
EGAN00001504149,PV971,PV971_day14.bam,EGAF00001655130
EGAN00001504149,PV971,PV971_day7.bam,EGAF00001655154
EGAN00001504150,PV974,PV974_BMMNC.bam,EGAF00001577923
EGAN00001504150,PV974,PV974_CD34.bam,EGAF00001577924
EGAN00001504150,PV974,PV974_DNA.bam,EGAF00001577925
EGAN00001504150,PV974,PV974_BMMNC.bam,EGAF00001654535
EGAN00001504150,PV974,PV974_CD34.bam,EGAF00001654536
EGAN00001504150,PV974,PV974_DNA.bam,EGAF00001654537
EGAN00001504150,PV974,PV974_BMMNC.bam,EGAF00001655155
EGAN00001504150,PV974,PV974_CD34.bam,EGAF00001655156
EGAN00001504150,PV974,PV974_DNA.bam,EGAF00001655157
EGAN00001504151,PV982,PV982_BMMNC.bam,EGAF00001577928
EGAN00001504151,PV982,PV982_DNA.bam,EGAF00001577929
EGAN00001504151,PV982,PV982_BMMNC.bam,EGAF00001654540
EGAN00001504151,PV982,PV982_DNA.bam,EGAF00001654679
EGAN00001504151,PV982,PV982_BMMNC.bam,EGAF00001655160
EGAN00001504151,PV982,PV982_DNA.bam,EGAF00001655161
EGAN00001504152,PV983,PV983_BMMNC.bam,EGAF00001577930
EGAN00001504152,PV983,PV983_DNA.bam,EGAF00001577931
EGAN00001504152,PV983,PV983_BMMNC.bam,EGAF00001654680
EGAN00001504152,PV983,PV983_DNA.bam,EGAF00001654681
EGAN00001504152,PV983,PV983_BMMNC.bam,EGAF00001655162
EGAN00001504152,PV983,PV983_DNA.bam,EGAF00001655163
EGAN00001504153,PV990,PV990_BMMNC.bam,EGAF00001577932
EGAN00001504153,PV990,PV990_DNA.bam,EGAF00001577933
EGAN00001504153,PV990,PV990_BMMNC.bam,EGAF00001654682
EGAN00001504153,PV990,PV990_DNA.bam,EGAF00001654683
EGAN00001504153,PV990,PV990_BMMNC.bam,EGAF00001655164
EGAN00001504153,PV990,PV990_DNA.bam,EGAF00001655165
EGAN00001504154,PV991,PV991_BMMNC.bam,EGAF00001577934
EGAN00001504154,PV991,PV991_DNA.bam,EGAF00001577935
EGAN00001504154,PV991,PV991_BMMNC.bam,EGAF00001654684
EGAN00001504154,PV991,PV991_DNA.bam,EGAF00001654685
EGAN00001504154,PV991,PV991_BMMNC.bam,EGAF00001655166
EGAN00001504154,PV991,PV991_DNA.bam,EGAF00001655167
EGAN00001504155,PV993,PV993_BMMNC.bam,EGAF00001577936
EGAN00001504155,PV993,PV993_CD34.bam,EGAF00001577937
EGAN00001504155,PV993,PV993_DNA.bam,EGAF00001577938
EGAN00001504155,PV993,PV993_BMMNC.bam,EGAF00001654686
EGAN00001504155,PV993,PV993_CD34.bam,EGAF00001654687
EGAN00001504155,PV993,PV993_DNA.bam,EGAF00001654688
EGAN00001504155,PV993,PV993_BMMNC.bam,EGAF00001655168
EGAN00001504155,PV993,PV993_CD34.bam,EGAF00001655169
EGAN00001504155,PV993,PV993_DNA.bam,EGAF00001655170
EGAN00001504156,PV995,PV995_BMMNC.bam,EGAF00001577939
EGAN00001504156,PV995,PV995_BMMNC_CHX.bam,EGAF00001577940
EGAN00001504156,PV995,PV995_BMMNC_untreated.bam,EGAF00001577941
EGAN00001504156,PV995,PV995_DNA.bam,EGAF00001577942
EGAN00001504156,PV995,PV995_BMMNC.bam,EGAF00001654689
EGAN00001504156,PV995,PV995_BMMNC_CHX.bam,EGAF00001654690
EGAN00001504156,PV995,PV995_BMMNC_untreated.bam,EGAF00001654691
EGAN00001504156,PV995,PV995_DNA.bam,EGAF00001654692
EGAN00001504156,PV995,PV995_BMMNC.bam,EGAF00001655171
EGAN00001504156,PV995,PV995_BMMNC_CHX.bam,EGAF00001655172
EGAN00001504156,PV995,PV995_BMMNC_untreated.bam,EGAF00001655173
EGAN00001504156,PV995,PV995_DNA.bam,EGAF00001655174
EGAN00001504157,normal1,normal1_CD34.bam,EGAF00001577943
EGAN00001504157,normal1,normal1_CD34.bam,EGAF00001654693
EGAN00001504157,normal1,normal1_CD34.bam,EGAF00001655175
EGAN00001504158,normal2,normal2_CD34.bam,EGAF00001577944
EGAN00001504158,normal2,normal2_CD34.bam,EGAF00001654694
EGAN00001504158,normal2,normal2_CD34.bam,EGAF00001655176
EGAN00001504159,normal3,normal3_CD34.bam,EGAF00001577945
EGAN00001504159,normal3,normal3_CD34.bam,EGAF00001654445
EGAN00001504159,normal3,normal3_CD34.bam,EGAF00001654695
EGAN00001504160,normal4,normal4_BMMNC.bam,EGAF00001577992
EGAN00001504160,normal4,normal4_BMMNC.bam,EGAF00001654446
EGAN00001504160,normal4,normal4_BMMNC.bam,EGAF00001654696
EGAN00001504161,normal5,normal5_BMMNC.bam,EGAF00001577993
EGAN00001504161,normal5,normal5_BMMNC.bam,EGAF00001654447
EGAN00001504161,normal5,normal5_BMMNC.bam,EGAF00001654697
EGAN00001504162,normal6,normal6_BMMNC.bam,EGAF00001577994
EGAN00001504162,normal6,normal6_BMMNC.bam,EGAF00001654448
EGAN00001504162,normal6,normal6_BMMNC.bam,EGAF00001654698
